Id;Batch;Instance;algo;vertices;layer;fan;disRate;percNeg;cpMult;Vertices;Edges;Diameter;Max in degree;Min in degree;Max out degree;Min out degree;Negative activities;Deadline;Last task Early Finish;effort;NPV
1;16-4-3-25-25-1;dg1.tpf;SAA;16;4;3;25;25;1;18;38;6;5;1;5;1;66,66666667;70;35;206;37,04
2;16-4-3-25-25-1;dg1.tpf;HS;16;4;3;25;25;1;18;38;6;5;1;5;1;66,66666667;70;35;166;37,04
3;16-4-3-25-25-1;dg1.tpf;RS;16;4;3;25;25;1;18;38;6;5;1;5;1;66,66666667;70;35;696;37,04
4;16-4-3-25-25-1;dg10.tpf;SAA;16;4;3;25;25;1;18;33;6;5;1;5;1;66,66666667;66;33;199;51,12
5;16-4-3-25-25-1;dg10.tpf;HS;16;4;3;25;25;1;18;33;6;5;1;5;1;66,66666667;66;33;161;51,12
6;16-4-3-25-25-1;dg10.tpf;RS;16;4;3;25;25;1;18;33;6;5;1;5;1;66,66666667;66;33;658;51,12
7;16-4-3-25-25-1;dg2.tpf;SAA;16;4;3;25;25;1;18;40;6;6;1;4;1;61,11111111;74;37;167;45,11
8;16-4-3-25-25-1;dg2.tpf;HS;16;4;3;25;25;1;18;40;6;6;1;4;1;61,11111111;74;37;135;45,11
9;16-4-3-25-25-1;dg2.tpf;RS;16;4;3;25;25;1;18;40;6;6;1;4;1;61,11111111;74;37;463;45,11
10;16-4-3-25-25-1;dg3.tpf;SAA;16;4;3;25;25;1;18;40;7;5;1;3;1;72,22222222;74;37;452;-1,23
11;16-4-3-25-25-1;dg3.tpf;HS;16;4;3;25;25;1;18;40;7;5;1;3;1;72,22222222;74;37;320;-1,23
12;16-4-3-25-25-1;dg3.tpf;RS;16;4;3;25;25;1;18;40;7;5;1;3;1;72,22222222;74;37;649;-1,23
13;16-4-3-25-25-1;dg4.tpf;SAA;16;4;3;25;25;1;18;37;6;6;1;7;1;66,66666667;50;25;236;49,64
14;16-4-3-25-25-1;dg4.tpf;HS;16;4;3;25;25;1;18;37;6;6;1;7;1;66,66666667;50;25;187;49,64
15;16-4-3-25-25-1;dg4.tpf;RS;16;4;3;25;25;1;18;37;6;6;1;7;1;66,66666667;50;25;330;49,64
16;16-4-3-25-25-1;dg5.tpf;SAA;16;4;3;25;25;1;18;38;6;6;1;7;1;77,77777778;62;31;314;0,98
17;16-4-3-25-25-1;dg5.tpf;HS;16;4;3;25;25;1;18;38;6;6;1;7;1;77,77777778;62;31;263;0,98
18;16-4-3-25-25-1;dg5.tpf;RS;16;4;3;25;25;1;18;38;6;6;1;7;1;77,77777778;62;31;278;0,98
19;16-4-3-25-25-1;dg6.tpf;SAA;16;4;3;25;25;1;18;39;6;6;1;5;1;77,77777778;76;38;310;47,8
20;16-4-3-25-25-1;dg6.tpf;HS;16;4;3;25;25;1;18;39;6;6;1;5;1;77,77777778;76;38;280;47,8
21;16-4-3-25-25-1;dg6.tpf;RS;16;4;3;25;25;1;18;39;6;6;1;5;1;77,77777778;76;38;1170;47,8
22;16-4-3-25-25-1;dg7.tpf;SAA;16;4;3;25;25;1;18;38;6;5;1;5;1;61,11111111;68;34;242;95,11
23;16-4-3-25-25-1;dg7.tpf;HS;16;4;3;25;25;1;18;38;6;5;1;5;1;61,11111111;68;34;174;95,11
24;16-4-3-25-25-1;dg7.tpf;RS;16;4;3;25;25;1;18;38;6;5;1;5;1;61,11111111;68;34;375;95,11
25;16-4-3-25-25-1;dg8.tpf;SAA;16;4;3;25;25;1;18;39;6;6;1;5;1;66,66666667;64;32;129;-14,54
26;16-4-3-25-25-1;dg8.tpf;HS;16;4;3;25;25;1;18;39;6;6;1;5;1;66,66666667;64;32;89;-14,54
27;16-4-3-25-25-1;dg8.tpf;RS;16;4;3;25;25;1;18;39;6;6;1;5;1;66,66666667;64;32;1077;-14,54
28;16-4-3-25-25-1;dg9.tpf;SAA;16;4;3;25;25;1;18;38;7;7;1;3;1;66,66666667;68;34;270;45,72
29;16-4-3-25-25-1;dg9.tpf;HS;16;4;3;25;25;1;18;38;7;7;1;3;1;66,66666667;68;34;207;45,72
30;16-4-3-25-25-1;dg9.tpf;RS;16;4;3;25;25;1;18;38;7;7;1;3;1;66,66666667;68;34;684;45,72
31;16-4-3-25-50-1;dg1.tpf;SAA;16;4;3;25;50;1;18;36;6;5;1;6;1;33,33333333;66;33;100;180,34
32;16-4-3-25-50-1;dg1.tpf;HS;16;4;3;25;50;1;18;36;6;5;1;6;1;33,33333333;66;33;66;180,34
33;16-4-3-25-50-1;dg1.tpf;RS;16;4;3;25;50;1;18;36;6;5;1;6;1;33,33333333;66;33;121;180,34
34;16-4-3-25-50-1;dg10.tpf;SAA;16;4;3;25;50;1;18;35;6;6;1;8;1;55,55555556;68;34;143;94,89
35;16-4-3-25-50-1;dg10.tpf;HS;16;4;3;25;50;1;18;35;6;6;1;8;1;55,55555556;68;34;107;94,89
36;16-4-3-25-50-1;dg10.tpf;RS;16;4;3;25;50;1;18;35;6;6;1;8;1;55,55555556;68;34;184;94,89
37;16-4-3-25-50-1;dg2.tpf;SAA;16;4;3;25;50;1;18;38;6;6;1;5;1;83,33333333;74;37;281;-7,35
38;16-4-3-25-50-1;dg2.tpf;HS;16;4;3;25;50;1;18;38;6;6;1;5;1;83,33333333;74;37;250;-7,35
39;16-4-3-25-50-1;dg2.tpf;RS;16;4;3;25;50;1;18;38;6;6;1;5;1;83,33333333;74;37;1177;-7,35
40;16-4-3-25-50-1;dg3.tpf;SAA;16;4;3;25;50;1;18;37;6;5;1;7;1;38,88888889;66;33;173;116,42
41;16-4-3-25-50-1;dg3.tpf;HS;16;4;3;25;50;1;18;37;6;5;1;7;1;38,88888889;66;33;114;116,42
42;16-4-3-25-50-1;dg3.tpf;RS;16;4;3;25;50;1;18;37;6;5;1;7;1;38,88888889;66;33;119;116,42
43;16-4-3-25-50-1;dg4.tpf;SAA;16;4;3;25;50;1;18;37;6;5;1;5;1;55,55555556;64;32;222;3,89
44;16-4-3-25-50-1;dg4.tpf;HS;16;4;3;25;50;1;18;37;6;5;1;5;1;55,55555556;64;32;152;3,89
45;16-4-3-25-50-1;dg4.tpf;RS;16;4;3;25;50;1;18;37;6;5;1;5;1;55,55555556;64;32;607;3,89
46;16-4-3-25-50-1;dg5.tpf;SAA;16;4;3;25;50;1;18;41;6;7;1;6;1;55,55555556;56;28;193;89,81
47;16-4-3-25-50-1;dg5.tpf;HS;16;4;3;25;50;1;18;41;6;7;1;6;1;55,55555556;56;28;140;89,81
48;16-4-3-25-50-1;dg5.tpf;RS;16;4;3;25;50;1;18;41;6;7;1;6;1;55,55555556;56;28;376;89,81
49;16-4-3-25-50-1;dg6.tpf;SAA;16;4;3;25;50;1;18;36;7;7;1;5;1;38,88888889;62;31;105;32,67
50;16-4-3-25-50-1;dg6.tpf;HS;16;4;3;25;50;1;18;36;7;7;1;5;1;38,88888889;62;31;68;32,67
51;16-4-3-25-50-1;dg6.tpf;RS;16;4;3;25;50;1;18;36;7;7;1;5;1;38,88888889;62;31;109;32,67
52;16-4-3-25-50-1;dg7.tpf;SAA;16;4;3;25;50;1;18;40;6;6;1;4;1;44,44444444;72;36;365;44
53;16-4-3-25-50-1;dg7.tpf;HS;16;4;3;25;50;1;18;40;6;6;1;4;1;44,44444444;72;36;235;44
54;16-4-3-25-50-1;dg7.tpf;RS;16;4;3;25;50;1;18;40;6;6;1;4;1;44,44444444;72;36;367;44
55;16-4-3-25-50-1;dg8.tpf;SAA;16;4;3;25;50;1;18;38;6;6;1;4;1;38,88888889;78;39;282;126,24
56;16-4-3-25-50-1;dg8.tpf;HS;16;4;3;25;50;1;18;38;6;6;1;4;1;38,88888889;78;39;171;126,24
57;16-4-3-25-50-1;dg8.tpf;RS;16;4;3;25;50;1;18;38;6;6;1;4;1;38,88888889;78;39;248;126,24
58;16-4-3-25-50-1;dg9.tpf;SAA;16;4;3;25;50;1;18;43;6;6;1;6;1;50;64;32;291;78,86
59;16-4-3-25-50-1;dg9.tpf;HS;16;4;3;25;50;1;18;43;6;6;1;6;1;50;64;32;193;78,86
60;16-4-3-25-50-1;dg9.tpf;RS;16;4;3;25;50;1;18;43;6;6;1;6;1;50;64;32;409;78,86
61;16-4-4-25-25-1;dg1.tpf;SAA;16;4;4;25;25;1;18;46;6;5;1;5;1;66,66666667;70;35;258;93,22
62;16-4-4-25-25-1;dg1.tpf;HS;16;4;4;25;25;1;18;46;6;5;1;5;1;66,66666667;70;35;224;93,22
63;16-4-4-25-25-1;dg1.tpf;RS;16;4;4;25;25;1;18;46;6;5;1;5;1;66,66666667;70;35;1014;93,22
64;16-4-4-25-25-1;dg10.tpf;SAA;16;4;4;25;25;1;18;46;6;6;1;4;1;77,77777778;64;32;239;-22,57
65;16-4-4-25-25-1;dg10.tpf;HS;16;4;4;25;25;1;18;46;6;6;1;4;1;77,77777778;64;32;204;-22,57
66;16-4-4-25-25-1;dg10.tpf;RS;16;4;4;25;25;1;18;46;6;6;1;4;1;77,77777778;64;32;1087;-22,57
67;16-4-4-25-25-1;dg2.tpf;SAA;16;4;4;25;25;1;18;45;6;7;1;4;1;77,77777778;68;34;436;-2,2
68;16-4-4-25-25-1;dg2.tpf;HS;16;4;4;25;25;1;18;45;6;7;1;4;1;77,77777778;68;34;370;-2,2
69;16-4-4-25-25-1;dg2.tpf;RS;16;4;4;25;25;1;18;45;6;7;1;4;1;77,77777778;68;34;1128;-2,2
70;16-4-4-25-25-1;dg3.tpf;SAA;16;4;4;25;25;1;18;39;6;7;1;4;1;61,11111111;66;33;204;64,64
71;16-4-4-25-25-1;dg3.tpf;HS;16;4;4;25;25;1;18;39;6;7;1;4;1;61,11111111;66;33;151;64,64
72;16-4-4-25-25-1;dg3.tpf;RS;16;4;4;25;25;1;18;39;6;7;1;4;1;61,11111111;66;33;374;64,64
73;16-4-4-25-25-1;dg4.tpf;SAA;16;4;4;25;25;1;18;49;6;4;1;6;1;77,77777778;70;35;314;82,9
74;16-4-4-25-25-1;dg4.tpf;HS;16;4;4;25;25;1;18;49;6;4;1;6;1;77,77777778;70;35;285;82,9
75;16-4-4-25-25-1;dg4.tpf;RS;16;4;4;25;25;1;18;49;6;4;1;6;1;77,77777778;70;35;708;82,9
76;16-4-4-25-25-1;dg5.tpf;SAA;16;4;4;25;25;1;18;52;6;5;1;5;1;77,77777778;70;35;379;15,1
77;16-4-4-25-25-1;dg5.tpf;HS;16;4;4;25;25;1;18;52;6;5;1;5;1;77,77777778;70;35;328;15,1
78;16-4-4-25-25-1;dg5.tpf;RS;16;4;4;25;25;1;18;52;6;5;1;5;1;77,77777778;70;35;739;15,1
79;16-4-4-25-25-1;dg6.tpf;SAA;16;4;4;25;25;1;18;45;6;5;1;4;1;77,77777778;54;27;458;-5,11
80;16-4-4-25-25-1;dg6.tpf;HS;16;4;4;25;25;1;18;45;6;5;1;4;1;77,77777778;54;27;359;-5,11
81;16-4-4-25-25-1;dg6.tpf;RS;16;4;4;25;25;1;18;45;6;5;1;4;1;77,77777778;54;27;866;-5,11
82;16-4-4-25-25-1;dg7.tpf;SAA;16;4;4;25;25;1;18;40;6;8;1;4;1;61,11111111;56;28;146;3,73
83;16-4-4-25-25-1;dg7.tpf;HS;16;4;4;25;25;1;18;40;6;8;1;4;1;61,11111111;56;28;115;3,73
84;16-4-4-25-25-1;dg7.tpf;RS;16;4;4;25;25;1;18;40;6;8;1;4;1;61,11111111;56;28;450;3,73
85;16-4-4-25-25-1;dg8.tpf;SAA;16;4;4;25;25;1;18;47;6;4;1;5;1;66,66666667;76;38;388;-1,3
86;16-4-4-25-25-1;dg8.tpf;HS;16;4;4;25;25;1;18;47;6;4;1;5;1;66,66666667;76;38;322;-1,3
87;16-4-4-25-25-1;dg8.tpf;RS;16;4;4;25;25;1;18;47;6;4;1;5;1;66,66666667;76;38;834;-1,3
88;16-4-4-25-25-1;dg9.tpf;SAA;16;4;4;25;25;1;18;41;6;4;1;4;1;72,22222222;68;34;218;46,74
89;16-4-4-25-25-1;dg9.tpf;HS;16;4;4;25;25;1;18;41;6;4;1;4;1;72,22222222;68;34;188;46,74
90;16-4-4-25-25-1;dg9.tpf;RS;16;4;4;25;25;1;18;41;6;4;1;4;1;72,22222222;68;34;307;46,74
91;16-4-4-25-50-1;dg1.tpf;SAA;16;4;4;25;50;1;18;45;6;6;1;4;1;44,44444444;66;33;207;71,58
92;16-4-4-25-50-1;dg1.tpf;HS;16;4;4;25;50;1;18;45;6;6;1;4;1;44,44444444;66;33;137;71,58
93;16-4-4-25-50-1;dg1.tpf;RS;16;4;4;25;50;1;18;45;6;6;1;4;1;44,44444444;66;33;211;71,58
94;16-4-4-25-50-1;dg10.tpf;SAA;16;4;4;25;50;1;18;48;6;4;1;7;1;50;66;33;198;101,46
95;16-4-4-25-50-1;dg10.tpf;HS;16;4;4;25;50;1;18;48;6;4;1;7;1;50;66;33;137;101,46
96;16-4-4-25-50-1;dg10.tpf;RS;16;4;4;25;50;1;18;48;6;4;1;7;1;50;66;33;357;101,46
97;16-4-4-25-50-1;dg2.tpf;SAA;16;4;4;25;50;1;18;46;6;5;1;4;1;44,44444444;70;35;265;29,71
98;16-4-4-25-50-1;dg2.tpf;HS;16;4;4;25;50;1;18;46;6;5;1;4;1;44,44444444;70;35;156;29,71
99;16-4-4-25-50-1;dg2.tpf;RS;16;4;4;25;50;1;18;46;6;5;1;4;1;44,44444444;70;35;229;29,71
100;16-4-4-25-50-1;dg3.tpf;SAA;16;4;4;25;50;1;18;46;6;5;1;4;1;44,44444444;74;37;173;12,32
101;16-4-4-25-50-1;dg3.tpf;HS;16;4;4;25;50;1;18;46;6;5;1;4;1;44,44444444;74;37;109;12,32
102;16-4-4-25-50-1;dg3.tpf;RS;16;4;4;25;50;1;18;46;6;5;1;4;1;44,44444444;74;37;367;12,32
103;16-4-4-25-50-1;dg4.tpf;SAA;16;4;4;25;50;1;18;47;6;5;1;4;1;50;68;34;184;53,46
104;16-4-4-25-50-1;dg4.tpf;HS;16;4;4;25;50;1;18;47;6;5;1;4;1;50;68;34;116;53,46
105;16-4-4-25-50-1;dg4.tpf;RS;16;4;4;25;50;1;18;47;6;5;1;4;1;50;68;34;227;53,46
106;16-4-4-25-50-1;dg5.tpf;SAA;16;4;4;25;50;1;18;49;5;6;1;5;1;22,22222222;74;37;131;141,9
107;16-4-4-25-50-1;dg5.tpf;HS;16;4;4;25;50;1;18;49;5;6;1;5;1;22,22222222;74;37;71;141,9
108;16-4-4-25-50-1;dg5.tpf;RS;16;4;4;25;50;1;18;49;5;6;1;5;1;22,22222222;74;37;75;141,9
109;16-4-4-25-50-1;dg6.tpf;SAA;16;4;4;25;50;1;18;41;6;5;1;8;1;50;58;29;161;63,98
110;16-4-4-25-50-1;dg6.tpf;HS;16;4;4;25;50;1;18;41;6;5;1;8;1;50;58;29;115;63,98
111;16-4-4-25-50-1;dg6.tpf;RS;16;4;4;25;50;1;18;41;6;5;1;8;1;50;58;29;241;63,98
112;16-4-4-25-50-1;dg7.tpf;SAA;16;4;4;25;50;1;18;47;6;6;1;4;1;22,22222222;68;34;158;122,17
113;16-4-4-25-50-1;dg7.tpf;HS;16;4;4;25;50;1;18;47;6;6;1;4;1;22,22222222;68;34;92;122,17
114;16-4-4-25-50-1;dg7.tpf;RS;16;4;4;25;50;1;18;47;6;6;1;4;1;22,22222222;68;34;137;122,17
115;16-4-4-25-50-1;dg8.tpf;SAA;16;4;4;25;50;1;18;45;6;4;1;4;1;44,44444444;68;34;113;61,35
116;16-4-4-25-50-1;dg8.tpf;HS;16;4;4;25;50;1;18;45;6;4;1;4;1;44,44444444;68;34;79;61,35
117;16-4-4-25-50-1;dg8.tpf;RS;16;4;4;25;50;1;18;45;6;4;1;4;1;44,44444444;68;34;346;61,35
118;16-4-4-25-50-1;dg9.tpf;SAA;16;4;4;25;50;1;18;48;6;5;1;4;1;22,22222222;74;37;136;66,4
119;16-4-4-25-50-1;dg9.tpf;HS;16;4;4;25;50;1;18;48;6;5;1;4;1;22,22222222;74;37;64;66,4
120;16-4-4-25-50-1;dg9.tpf;RS;16;4;4;25;50;1;18;48;6;5;1;4;1;22,22222222;74;37;125;66,4
121;16-6-3-25-25-1;dg1.tpf;SAA;16;6;3;25;25;1;18;36;6;7;1;4;1;61,11111111;62;31;161;5,37
122;16-6-3-25-25-1;dg1.tpf;HS;16;6;3;25;25;1;18;36;6;7;1;4;1;61,11111111;62;31;94;5,37
123;16-6-3-25-25-1;dg1.tpf;RS;16;6;3;25;25;1;18;36;6;7;1;4;1;61,11111111;62;31;389;5,37
124;16-6-3-25-25-1;dg10.tpf;SAA;16;6;3;25;25;1;18;39;6;3;1;5;1;61,11111111;86;43;525;45,78
125;16-6-3-25-25-1;dg10.tpf;HS;16;6;3;25;25;1;18;39;6;3;1;5;1;61,11111111;86;43;365;45,78
126;16-6-3-25-25-1;dg10.tpf;RS;16;6;3;25;25;1;18;39;6;3;1;5;1;61,11111111;86;43;697;45,78
127;16-6-3-25-25-1;dg2.tpf;SAA;16;6;3;25;25;1;18;40;7;5;1;6;1;66,66666667;74;37;206;66,2
128;16-6-3-25-25-1;dg2.tpf;HS;16;6;3;25;25;1;18;40;7;5;1;6;1;66,66666667;74;37;169;66,2
129;16-6-3-25-25-1;dg2.tpf;RS;16;6;3;25;25;1;18;40;7;5;1;6;1;66,66666667;74;37;764;66,2
130;16-6-3-25-25-1;dg3.tpf;SAA;16;6;3;25;25;1;18;39;7;3;1;3;1;77,77777778;106;53;307;-0,16
131;16-6-3-25-25-1;dg3.tpf;HS;16;6;3;25;25;1;18;39;7;3;1;3;1;77,77777778;106;53;333;-0,16
132;16-6-3-25-25-1;dg3.tpf;RS;16;6;3;25;25;1;18;39;7;3;1;3;1;77,77777778;106;53;1445;-0,16
133;16-6-3-25-25-1;dg4.tpf;SAA;16;6;3;25;25;1;18;38;7;4;1;4;1;72,22222222;80;40;332;7,84
134;16-6-3-25-25-1;dg4.tpf;HS;16;6;3;25;25;1;18;38;7;4;1;4;1;72,22222222;80;40;264;7,84
135;16-6-3-25-25-1;dg4.tpf;RS;16;6;3;25;25;1;18;38;7;4;1;4;1;72,22222222;80;40;714;7,84
136;16-6-3-25-25-1;dg5.tpf;SAA;16;6;3;25;25;1;18;41;6;4;1;5;1;66,66666667;88;44;352;21,46
137;16-6-3-25-25-1;dg5.tpf;HS;16;6;3;25;25;1;18;41;6;4;1;5;1;66,66666667;88;44;218;21,46
138;16-6-3-25-25-1;dg5.tpf;RS;16;6;3;25;25;1;18;41;6;4;1;5;1;66,66666667;88;44;596;21,46
139;16-6-3-25-25-1;dg6.tpf;SAA;16;6;3;25;25;1;18;38;6;4;1;5;1;77,77777778;96;48;270;3,68
140;16-6-3-25-25-1;dg6.tpf;HS;16;6;3;25;25;1;18;38;6;4;1;5;1;77,77777778;96;48;228;3,68
141;16-6-3-25-25-1;dg6.tpf;RS;16;6;3;25;25;1;18;38;6;4;1;5;1;77,77777778;96;48;693;3,68
142;16-6-3-25-25-1;dg7.tpf;SAA;16;6;3;25;25;1;18;40;7;5;1;3;1;61,11111111;96;48;361;-12,05
143;16-6-3-25-25-1;dg7.tpf;HS;16;6;3;25;25;1;18;40;7;5;1;3;1;61,11111111;96;48;235;-12,05
144;16-6-3-25-25-1;dg7.tpf;RS;16;6;3;25;25;1;18;40;7;5;1;3;1;61,11111111;96;48;757;-12,05
145;16-6-3-25-25-1;dg8.tpf;SAA;16;6;3;25;25;1;18;39;6;4;1;4;1;61,11111111;82;41;140;60,38
146;16-6-3-25-25-1;dg8.tpf;HS;16;6;3;25;25;1;18;39;6;4;1;4;1;61,11111111;82;41;99;60,38
147;16-6-3-25-25-1;dg8.tpf;RS;16;6;3;25;25;1;18;39;6;4;1;4;1;61,11111111;82;41;450;60,38
148;16-6-3-25-25-1;dg9.tpf;SAA;16;6;3;25;25;1;18;33;7;4;1;7;1;66,66666667;52;26;183;19,94
149;16-6-3-25-25-1;dg9.tpf;HS;16;6;3;25;25;1;18;33;7;4;1;7;1;66,66666667;52;26;148;19,94
150;16-6-3-25-25-1;dg9.tpf;RS;16;6;3;25;25;1;18;33;7;4;1;7;1;66,66666667;52;26;215;19,94
151;16-6-3-25-50-1;dg1.tpf;SAA;16;6;3;25;50;1;18;39;6;6;1;5;1;55,55555556;82;41;177;59,4
152;16-6-3-25-50-1;dg1.tpf;HS;16;6;3;25;50;1;18;39;6;6;1;5;1;55,55555556;82;41;137;59,4
153;16-6-3-25-50-1;dg1.tpf;RS;16;6;3;25;50;1;18;39;6;6;1;5;1;55,55555556;82;41;211;59,4
154;16-6-3-25-50-1;dg10.tpf;SAA;16;6;3;25;50;1;18;38;7;4;1;5;1;55,55555556;78;39;169;-24,69
155;16-6-3-25-50-1;dg10.tpf;HS;16;6;3;25;50;1;18;38;7;4;1;5;1;55,55555556;78;39;76;-24,69
156;16-6-3-25-50-1;dg10.tpf;RS;16;6;3;25;50;1;18;38;7;4;1;5;1;55,55555556;78;39;243;-24,69
157;16-6-3-25-50-1;dg2.tpf;SAA;16;6;3;25;50;1;18;37;7;5;1;3;1;55,55555556;80;40;225;4,73
158;16-6-3-25-50-1;dg2.tpf;HS;16;6;3;25;50;1;18;37;7;5;1;3;1;55,55555556;80;40;128;4,73
159;16-6-3-25-50-1;dg2.tpf;RS;16;6;3;25;50;1;18;37;7;5;1;3;1;55,55555556;80;40;366;4,73
160;16-6-3-25-50-1;dg3.tpf;SAA;16;6;3;25;50;1;18;36;7;3;1;5;1;33,33333333;102;51;110;103,52
161;16-6-3-25-50-1;dg3.tpf;HS;16;6;3;25;50;1;18;36;7;3;1;5;1;33,33333333;102;51;58;103,52
162;16-6-3-25-50-1;dg3.tpf;RS;16;6;3;25;50;1;18;36;7;3;1;5;1;33,33333333;102;51;244;103,52
163;16-6-3-25-50-1;dg4.tpf;SAA;16;6;3;25;50;1;18;40;6;5;1;3;1;55,55555556;80;40;126;54,91
164;16-6-3-25-50-1;dg4.tpf;HS;16;6;3;25;50;1;18;40;6;5;1;3;1;55,55555556;80;40;87;54,91
165;16-6-3-25-50-1;dg4.tpf;RS;16;6;3;25;50;1;18;40;6;5;1;3;1;55,55555556;80;40;177;54,91
166;16-6-3-25-50-1;dg5.tpf;SAA;16;6;3;25;50;1;18;36;7;5;1;3;1;38,88888889;92;46;94;68,97
167;16-6-3-25-50-1;dg5.tpf;HS;16;6;3;25;50;1;18;36;7;5;1;3;1;38,88888889;92;46;52;68,97
168;16-6-3-25-50-1;dg5.tpf;RS;16;6;3;25;50;1;18;36;7;5;1;3;1;38,88888889;92;46;246;68,97
169;16-6-3-25-50-1;dg6.tpf;SAA;16;6;3;25;50;1;18;38;6;6;1;4;1;33,33333333;60;30;105;82,36
170;16-6-3-25-50-1;dg6.tpf;HS;16;6;3;25;50;1;18;38;6;6;1;4;1;33,33333333;60;30;65;82,36
171;16-6-3-25-50-1;dg6.tpf;RS;16;6;3;25;50;1;18;38;6;6;1;4;1;33,33333333;60;30;189;82,36
172;16-6-3-25-50-1;dg7.tpf;SAA;16;6;3;25;50;1;18;34;7;3;1;5;1;50;80;40;200;70,64
173;16-6-3-25-50-1;dg7.tpf;HS;16;6;3;25;50;1;18;34;7;3;1;5;1;50;80;40;127;70,64
174;16-6-3-25-50-1;dg7.tpf;RS;16;6;3;25;50;1;18;34;7;3;1;5;1;50;80;40;578;70,64
175;16-6-3-25-50-1;dg8.tpf;SAA;16;6;3;25;50;1;18;37;7;6;1;4;1;50;66;33;307;18,37
176;16-6-3-25-50-1;dg8.tpf;HS;16;6;3;25;50;1;18;37;7;6;1;4;1;50;66;33;205;18,37
177;16-6-3-25-50-1;dg8.tpf;RS;16;6;3;25;50;1;18;37;7;6;1;4;1;50;66;33;790;18,37
178;16-6-3-25-50-1;dg9.tpf;SAA;16;6;3;25;50;1;18;32;7;3;1;6;1;38,88888889;82;41;188;71,84
179;16-6-3-25-50-1;dg9.tpf;HS;16;6;3;25;50;1;18;32;7;3;1;6;1;38,88888889;82;41;115;71,84
180;16-6-3-25-50-1;dg9.tpf;RS;16;6;3;25;50;1;18;32;7;3;1;6;1;38,88888889;82;41;177;71,84
181;16-6-4-25-25-1;dg1.tpf;SAA;16;6;4;25;25;1;18;43;6;5;1;5;1;66,66666667;90;45;317;44,36
182;16-6-4-25-25-1;dg1.tpf;HS;16;6;4;25;25;1;18;43;6;5;1;5;1;66,66666667;90;45;223;44,36
183;16-6-4-25-25-1;dg1.tpf;RS;16;6;4;25;25;1;18;43;6;5;1;5;1;66,66666667;90;45;717;44,36
184;16-6-4-25-25-1;dg10.tpf;SAA;16;6;4;25;25;1;18;47;6;6;1;4;1;72,22222222;74;37;276;19,29
185;16-6-4-25-25-1;dg10.tpf;HS;16;6;4;25;25;1;18;47;6;6;1;4;1;72,22222222;74;37;315;19,29
186;16-6-4-25-25-1;dg10.tpf;RS;16;6;4;25;25;1;18;47;6;6;1;4;1;72,22222222;74;37;695;19,29
187;16-6-4-25-25-1;dg2.tpf;SAA;16;6;4;25;25;1;18;49;6;4;1;4;1;61,11111111;98;49;293;62,42
188;16-6-4-25-25-1;dg2.tpf;HS;16;6;4;25;25;1;18;49;6;4;1;4;1;61,11111111;98;49;224;62,42
189;16-6-4-25-25-1;dg2.tpf;RS;16;6;4;25;25;1;18;49;6;4;1;4;1;61,11111111;98;49;1037;62,42
190;16-6-4-25-25-1;dg3.tpf;SAA;16;6;4;25;25;1;18;47;6;4;1;4;1;61,11111111;102;51;257;87,73
191;16-6-4-25-25-1;dg3.tpf;HS;16;6;4;25;25;1;18;47;6;4;1;4;1;61,11111111;102;51;207;87,73
192;16-6-4-25-25-1;dg3.tpf;RS;16;6;4;25;25;1;18;47;6;4;1;4;1;61,11111111;102;51;1019;87,73
193;16-6-4-25-25-1;dg4.tpf;SAA;16;6;4;25;25;1;18;43;7;4;1;4;1;61,11111111;94;47;428;48,22
194;16-6-4-25-25-1;dg4.tpf;HS;16;6;4;25;25;1;18;43;7;4;1;4;1;61,11111111;94;47;291;48,22
195;16-6-4-25-25-1;dg4.tpf;RS;16;6;4;25;25;1;18;43;7;4;1;4;1;61,11111111;94;47;665;48,22
196;16-6-4-25-25-1;dg5.tpf;SAA;16;6;4;25;25;1;18;47;6;6;1;4;1;66,66666667;80;40;327;84,3
197;16-6-4-25-25-1;dg5.tpf;HS;16;6;4;25;25;1;18;47;6;6;1;4;1;66,66666667;80;40;248;84,3
198;16-6-4-25-25-1;dg5.tpf;RS;16;6;4;25;25;1;18;47;6;6;1;4;1;66,66666667;80;40;799;84,3
199;16-6-4-25-25-1;dg6.tpf;SAA;16;6;4;25;25;1;18;48;6;4;1;4;1;77,77777778;88;44;436;31,59
200;16-6-4-25-25-1;dg6.tpf;HS;16;6;4;25;25;1;18;48;6;4;1;4;1;77,77777778;88;44;371;31,59
201;16-6-4-25-25-1;dg6.tpf;RS;16;6;4;25;25;1;18;48;6;4;1;4;1;77,77777778;88;44;1621;31,59
202;16-6-4-25-25-1;dg7.tpf;SAA;16;6;4;25;25;1;18;48;6;5;1;4;1;77,77777778;96;48;326;-7,81
203;16-6-4-25-25-1;dg7.tpf;HS;16;6;4;25;25;1;18;48;6;5;1;4;1;77,77777778;96;48;280;-7,81
204;16-6-4-25-25-1;dg7.tpf;RS;16;6;4;25;25;1;18;48;6;5;1;4;1;77,77777778;96;48;1571;-7,81
205;16-6-4-25-25-1;dg8.tpf;SAA;16;6;4;25;25;1;18;50;6;4;1;4;1;66,66666667;78;39;253;54,13
206;16-6-4-25-25-1;dg8.tpf;HS;16;6;4;25;25;1;18;50;6;4;1;4;1;66,66666667;78;39;208;54,13
207;16-6-4-25-25-1;dg8.tpf;RS;16;6;4;25;25;1;18;50;6;4;1;4;1;66,66666667;78;39;325;54,13
208;16-6-4-25-25-1;dg9.tpf;SAA;16;6;4;25;25;1;18;47;7;4;1;4;1;72,22222222;104;52;310;38
209;16-6-4-25-25-1;dg9.tpf;HS;16;6;4;25;25;1;18;47;7;4;1;4;1;72,22222222;104;52;239;38
210;16-6-4-25-25-1;dg9.tpf;RS;16;6;4;25;25;1;18;47;7;4;1;4;1;72,22222222;104;52;1586;38
211;16-6-4-25-50-1;dg1.tpf;SAA;16;6;4;25;50;1;18;48;7;4;1;4;1;44,44444444;104;52;168;39,66
212;16-6-4-25-50-1;dg1.tpf;HS;16;6;4;25;50;1;18;48;7;4;1;4;1;44,44444444;104;52;73;39,66
213;16-6-4-25-50-1;dg1.tpf;RS;16;6;4;25;50;1;18;48;7;4;1;4;1;44,44444444;104;52;365;39,66
214;16-6-4-25-50-1;dg10.tpf;SAA;16;6;4;25;50;1;18;46;7;5;1;4;1;44,44444444;102;51;141;33,58
215;16-6-4-25-50-1;dg10.tpf;HS;16;6;4;25;50;1;18;46;7;5;1;4;1;44,44444444;102;51;91;33,58
216;16-6-4-25-50-1;dg10.tpf;RS;16;6;4;25;50;1;18;46;7;5;1;4;1;44,44444444;102;51;951;33,58
217;16-6-4-25-50-1;dg2.tpf;SAA;16;6;4;25;50;1;18;49;6;4;1;5;1;38,88888889;78;39;188;43,68
218;16-6-4-25-50-1;dg2.tpf;HS;16;6;4;25;50;1;18;49;6;4;1;5;1;38,88888889;78;39;111;43,68
219;16-6-4-25-50-1;dg2.tpf;RS;16;6;4;25;50;1;18;49;6;4;1;5;1;38,88888889;78;39;146;43,68
220;16-6-4-25-50-1;dg3.tpf;SAA;16;6;4;25;50;1;18;45;6;5;1;6;1;50;72;36;160;67,85
221;16-6-4-25-50-1;dg3.tpf;HS;16;6;4;25;50;1;18;45;6;5;1;6;1;50;72;36;113;67,85
222;16-6-4-25-50-1;dg3.tpf;RS;16;6;4;25;50;1;18;45;6;5;1;6;1;50;72;36;213;67,85
223;16-6-4-25-50-1;dg4.tpf;SAA;16;6;4;25;50;1;18;41;7;4;1;4;1;38,88888889;72;36;130;99,92
224;16-6-4-25-50-1;dg4.tpf;HS;16;6;4;25;50;1;18;41;7;4;1;4;1;38,88888889;72;36;86;99,92
225;16-6-4-25-50-1;dg4.tpf;RS;16;6;4;25;50;1;18;41;7;4;1;4;1;38,88888889;72;36;234;99,92
226;16-6-4-25-50-1;dg5.tpf;SAA;16;6;4;25;50;1;18;44;7;4;1;4;1;55,55555556;100;50;251;4
227;16-6-4-25-50-1;dg5.tpf;HS;16;6;4;25;50;1;18;44;7;4;1;4;1;55,55555556;100;50;156;4
228;16-6-4-25-50-1;dg5.tpf;RS;16;6;4;25;50;1;18;44;7;4;1;4;1;55,55555556;100;50;607;4
229;16-6-4-25-50-1;dg6.tpf;SAA;16;6;4;25;50;1;18;43;6;4;1;5;1;66,66666667;72;36;285;43,41
230;16-6-4-25-50-1;dg6.tpf;HS;16;6;4;25;50;1;18;43;6;4;1;5;1;66,66666667;72;36;283;43,41
231;16-6-4-25-50-1;dg6.tpf;RS;16;6;4;25;50;1;18;43;6;4;1;5;1;66,66666667;72;36;736;43,41
232;16-6-4-25-50-1;dg7.tpf;SAA;16;6;4;25;50;1;18;51;6;4;1;4;1;61,11111111;98;49;260;23,94
233;16-6-4-25-50-1;dg7.tpf;HS;16;6;4;25;50;1;18;51;6;4;1;4;1;61,11111111;98;49;187;23,94
234;16-6-4-25-50-1;dg7.tpf;RS;16;6;4;25;50;1;18;51;6;4;1;4;1;61,11111111;98;49;264;23,94
235;16-6-4-25-50-1;dg8.tpf;SAA;16;6;4;25;50;1;18;49;6;4;1;4;1;50;80;40;236;59,88
236;16-6-4-25-50-1;dg8.tpf;HS;16;6;4;25;50;1;18;49;6;4;1;4;1;50;80;40;154;59,88
237;16-6-4-25-50-1;dg8.tpf;RS;16;6;4;25;50;1;18;49;6;4;1;4;1;50;80;40;635;59,88
238;16-6-4-25-50-1;dg9.tpf;SAA;16;6;4;25;50;1;18;46;7;4;1;5;1;66,66666667;88;44;300;16,61
239;16-6-4-25-50-1;dg9.tpf;HS;16;6;4;25;50;1;18;46;7;4;1;5;1;66,66666667;88;44;238;16,61
240;16-6-4-25-50-1;dg9.tpf;RS;16;6;4;25;50;1;18;46;7;4;1;5;1;66,66666667;88;44;863;16,61
241;16-8-3-25-25-1;dg1.tpf;SAA;16;8;3;25;25;1;18;36;7;4;1;4;1;77,77777778;86;43;320;42,23
242;16-8-3-25-25-1;dg1.tpf;HS;16;8;3;25;25;1;18;36;7;4;1;4;1;77,77777778;86;43;277;42,23
243;16-8-3-25-25-1;dg1.tpf;RS;16;8;3;25;25;1;18;36;7;4;1;4;1;77,77777778;86;43;1603;42,23
244;16-8-3-25-25-1;dg10.tpf;SAA;16;8;3;25;25;1;18;38;7;4;1;4;1;72,22222222;74;37;249;26,78
245;16-8-3-25-25-1;dg10.tpf;HS;16;8;3;25;25;1;18;38;7;4;1;4;1;72,22222222;74;37;184;26,78
246;16-8-3-25-25-1;dg10.tpf;RS;16;8;3;25;25;1;18;38;7;4;1;4;1;72,22222222;74;37;743;26,78
247;16-8-3-25-25-1;dg2.tpf;SAA;16;8;3;25;25;1;18;38;7;5;1;4;1;77,77777778;106;53;229;-0,15
248;16-8-3-25-25-1;dg2.tpf;HS;16;8;3;25;25;1;18;38;7;5;1;4;1;77,77777778;106;53;178;-0,15
249;16-8-3-25-25-1;dg2.tpf;RS;16;8;3;25;25;1;18;38;7;5;1;4;1;77,77777778;106;53;739;-0,15
250;16-8-3-25-25-1;dg3.tpf;SAA;16;8;3;25;25;1;18;38;8;5;1;4;1;72,22222222;88;44;252;17,86
251;16-8-3-25-25-1;dg3.tpf;HS;16;8;3;25;25;1;18;38;8;5;1;4;1;72,22222222;88;44;183;17,86
252;16-8-3-25-25-1;dg3.tpf;RS;16;8;3;25;25;1;18;38;8;5;1;4;1;72,22222222;88;44;411;17,86
253;16-8-3-25-25-1;dg4.tpf;SAA;16;8;3;25;25;1;18;37;7;3;1;3;1;77,77777778;132;66;281;-0,07
254;16-8-3-25-25-1;dg4.tpf;HS;16;8;3;25;25;1;18;37;7;3;1;3;1;77,77777778;132;66;229;-0,07
255;16-8-3-25-25-1;dg4.tpf;RS;16;8;3;25;25;1;18;37;7;3;1;3;1;77,77777778;132;66;1624;-0,07
256;16-8-3-25-25-1;dg5.tpf;SAA;16;8;3;25;25;1;18;39;7;4;1;3;1;72,22222222;102;51;245;5,61
257;16-8-3-25-25-1;dg5.tpf;HS;16;8;3;25;25;1;18;39;7;4;1;3;1;72,22222222;102;51;201;5,61
258;16-8-3-25-25-1;dg5.tpf;RS;16;8;3;25;25;1;18;39;7;4;1;3;1;72,22222222;102;51;640;5,61
259;16-8-3-25-25-1;dg6.tpf;SAA;16;8;3;25;25;1;18;39;6;5;1;5;1;66,66666667;70;35;227;45,87
260;16-8-3-25-25-1;dg6.tpf;HS;16;8;3;25;25;1;18;39;6;5;1;5;1;66,66666667;70;35;190;45,87
261;16-8-3-25-25-1;dg6.tpf;RS;16;8;3;25;25;1;18;39;6;5;1;5;1;66,66666667;70;35;497;45,87
262;16-8-3-25-25-1;dg7.tpf;SAA;16;8;3;25;25;1;18;39;6;5;1;4;1;61,11111111;100;50;194;90,49
263;16-8-3-25-25-1;dg7.tpf;HS;16;8;3;25;25;1;18;39;6;5;1;4;1;61,11111111;100;50;147;90,49
264;16-8-3-25-25-1;dg7.tpf;RS;16;8;3;25;25;1;18;39;6;5;1;4;1;61,11111111;100;50;1031;90,49
265;16-8-3-25-25-1;dg8.tpf;SAA;16;8;3;25;25;1;18;40;7;5;1;5;1;72,22222222;70;35;303;56,13
266;16-8-3-25-25-1;dg8.tpf;HS;16;8;3;25;25;1;18;40;7;5;1;5;1;72,22222222;70;35;226;56,13
267;16-8-3-25-25-1;dg8.tpf;RS;16;8;3;25;25;1;18;40;7;5;1;5;1;72,22222222;70;35;714;56,13
268;16-8-3-25-25-1;dg9.tpf;SAA;16;8;3;25;25;1;18;38;7;3;1;4;1;83,33333333;100;50;396;-0,38
269;16-8-3-25-25-1;dg9.tpf;HS;16;8;3;25;25;1;18;38;7;3;1;4;1;83,33333333;100;50;314;-0,38
270;16-8-3-25-25-1;dg9.tpf;RS;16;8;3;25;25;1;18;38;7;3;1;4;1;83,33333333;100;50;1732;-0,38
271;16-8-3-25-50-1;dg1.tpf;SAA;16;8;3;25;50;1;18;36;7;5;1;3;1;50;118;59;197;3,23
272;16-8-3-25-50-1;dg1.tpf;HS;16;8;3;25;50;1;18;36;7;5;1;3;1;50;118;59;90;3,23
273;16-8-3-25-50-1;dg1.tpf;RS;16;8;3;25;50;1;18;36;7;5;1;3;1;50;118;59;518;3,23
274;16-8-3-25-50-1;dg10.tpf;SAA;16;8;3;25;50;1;18;37;6;4;1;6;1;38,88888889;74;37;119;70,88
275;16-8-3-25-50-1;dg10.tpf;HS;16;8;3;25;50;1;18;37;6;4;1;6;1;38,88888889;74;37;72;70,88
276;16-8-3-25-50-1;dg10.tpf;RS;16;8;3;25;50;1;18;37;6;4;1;6;1;38,88888889;74;37;221;70,88
277;16-8-3-25-50-1;dg2.tpf;SAA;16;8;3;25;50;1;18;40;6;4;1;5;1;44,44444444;76;38;119;66,65
278;16-8-3-25-50-1;dg2.tpf;HS;16;8;3;25;50;1;18;40;6;4;1;5;1;44,44444444;76;38;75;66,65
279;16-8-3-25-50-1;dg2.tpf;RS;16;8;3;25;50;1;18;40;6;4;1;5;1;44,44444444;76;38;132;66,65
280;16-8-3-25-50-1;dg3.tpf;SAA;16;8;3;25;50;1;18;36;8;3;1;4;1;50;104;52;181;31,04
281;16-8-3-25-50-1;dg3.tpf;HS;16;8;3;25;50;1;18;36;8;3;1;4;1;50;104;52;89;31,04
282;16-8-3-25-50-1;dg3.tpf;RS;16;8;3;25;50;1;18;36;8;3;1;4;1;50;104;52;513;31,04
283;16-8-3-25-50-1;dg4.tpf;SAA;16;8;3;25;50;1;18;36;8;3;1;3;1;61,11111111;90;45;324;10,91
284;16-8-3-25-50-1;dg4.tpf;HS;16;8;3;25;50;1;18;36;8;3;1;3;1;61,11111111;90;45;205;10,91
285;16-8-3-25-50-1;dg4.tpf;RS;16;8;3;25;50;1;18;36;8;3;1;3;1;61,11111111;90;45;1473;10,91
286;16-8-3-25-50-1;dg5.tpf;SAA;16;8;3;25;50;1;18;39;5;5;1;5;1;55,55555556;64;32;264;33,93
287;16-8-3-25-50-1;dg5.tpf;HS;16;8;3;25;50;1;18;39;5;5;1;5;1;55,55555556;64;32;188;33,93
288;16-8-3-25-50-1;dg5.tpf;RS;16;8;3;25;50;1;18;39;5;5;1;5;1;55,55555556;64;32;546;33,93
289;16-8-3-25-50-1;dg6.tpf;SAA;16;8;3;25;50;1;18;39;6;4;1;5;1;38,88888889;84;42;121;62,42
290;16-8-3-25-50-1;dg6.tpf;HS;16;8;3;25;50;1;18;39;6;4;1;5;1;38,88888889;84;42;68;62,42
291;16-8-3-25-50-1;dg6.tpf;RS;16;8;3;25;50;1;18;39;6;4;1;5;1;38,88888889;84;42;316;62,42
292;16-8-3-25-50-1;dg7.tpf;SAA;16;8;3;25;50;1;18;39;6;3;1;5;1;44,44444444;90;45;169;104,28
293;16-8-3-25-50-1;dg7.tpf;HS;16;8;3;25;50;1;18;39;6;3;1;5;1;44,44444444;90;45;80;104,28
294;16-8-3-25-50-1;dg7.tpf;RS;16;8;3;25;50;1;18;39;6;3;1;5;1;44,44444444;90;45;553;104,28
295;16-8-3-25-50-1;dg8.tpf;SAA;16;8;3;25;50;1;18;39;6;4;1;3;1;27,77777778;86;43;98;128,48
296;16-8-3-25-50-1;dg8.tpf;HS;16;8;3;25;50;1;18;39;6;4;1;3;1;27,77777778;86;43;52;128,48
297;16-8-3-25-50-1;dg8.tpf;RS;16;8;3;25;50;1;18;39;6;4;1;3;1;27,77777778;86;43;65;128,48
298;16-8-3-25-50-1;dg9.tpf;SAA;16;8;3;25;50;1;18;39;6;4;1;5;1;44,44444444;86;43;112;99,81
299;16-8-3-25-50-1;dg9.tpf;HS;16;8;3;25;50;1;18;39;6;4;1;5;1;44,44444444;86;43;69;99,81
300;16-8-3-25-50-1;dg9.tpf;RS;16;8;3;25;50;1;18;39;6;4;1;5;1;44,44444444;86;43;386;99,81
301;16-8-4-25-25-1;dg1.tpf;SAA;16;8;4;25;25;1;18;42;7;4;1;4;1;55,55555556;116;58;178;43,48
302;16-8-4-25-25-1;dg1.tpf;HS;16;8;4;25;25;1;18;42;7;4;1;4;1;55,55555556;116;58;112;43,48
303;16-8-4-25-25-1;dg1.tpf;RS;16;8;4;25;25;1;18;42;7;4;1;4;1;55,55555556;116;58;224;43,48
304;16-8-4-25-25-1;dg10.tpf;SAA;16;8;4;25;25;1;18;42;8;4;1;4;1;55,55555556;106;53;252;123,71
305;16-8-4-25-25-1;dg10.tpf;HS;16;8;4;25;25;1;18;42;8;4;1;4;1;55,55555556;106;53;154;123,71
306;16-8-4-25-25-1;dg10.tpf;RS;16;8;4;25;25;1;18;42;8;4;1;4;1;55,55555556;106;53;331;123,71
307;16-8-4-25-25-1;dg2.tpf;SAA;16;8;4;25;25;1;18;46;7;4;1;4;1;55,55555556;80;40;305;10,28
308;16-8-4-25-25-1;dg2.tpf;HS;16;8;4;25;25;1;18;46;7;4;1;4;1;55,55555556;80;40;207;10,28
309;16-8-4-25-25-1;dg2.tpf;RS;16;8;4;25;25;1;18;46;7;4;1;4;1;55,55555556;80;40;645;10,28
310;16-8-4-25-25-1;dg3.tpf;SAA;16;8;4;25;25;1;18;46;7;4;1;5;1;61,11111111;96;48;304;12,75
311;16-8-4-25-25-1;dg3.tpf;HS;16;8;4;25;25;1;18;46;7;4;1;5;1;61,11111111;96;48;225;12,75
312;16-8-4-25-25-1;dg3.tpf;RS;16;8;4;25;25;1;18;46;7;4;1;5;1;61,11111111;96;48;355;12,75
313;16-8-4-25-25-1;dg4.tpf;SAA;16;8;4;25;25;1;18;43;8;4;1;4;1;77,77777778;116;58;343;4,09
314;16-8-4-25-25-1;dg4.tpf;HS;16;8;4;25;25;1;18;43;8;4;1;4;1;77,77777778;116;58;297;4,09
315;16-8-4-25-25-1;dg4.tpf;RS;16;8;4;25;25;1;18;43;8;4;1;4;1;77,77777778;116;58;1040;4,09
316;16-8-4-25-25-1;dg5.tpf;SAA;16;8;4;25;25;1;18;46;7;4;1;4;1;72,22222222;116;58;317;96,89
317;16-8-4-25-25-1;dg5.tpf;HS;16;8;4;25;25;1;18;46;7;4;1;4;1;72,22222222;116;58;273;96,89
318;16-8-4-25-25-1;dg5.tpf;RS;16;8;4;25;25;1;18;46;7;4;1;4;1;72,22222222;116;58;1056;96,89
319;16-8-4-25-25-1;dg6.tpf;SAA;16;8;4;25;25;1;18;43;7;4;1;4;1;66,66666667;114;57;202;6,64
320;16-8-4-25-25-1;dg6.tpf;HS;16;8;4;25;25;1;18;43;7;4;1;4;1;66,66666667;114;57;146;6,64
321;16-8-4-25-25-1;dg6.tpf;RS;16;8;4;25;25;1;18;43;7;4;1;4;1;66,66666667;114;57;506;6,64
322;16-8-4-25-25-1;dg7.tpf;SAA;16;8;4;25;25;1;18;40;7;4;1;4;1;83,33333333;114;57;398;-0,22
323;16-8-4-25-25-1;dg7.tpf;HS;16;8;4;25;25;1;18;40;7;4;1;4;1;83,33333333;114;57;350;-0,22
324;16-8-4-25-25-1;dg7.tpf;RS;16;8;4;25;25;1;18;40;7;4;1;4;1;83,33333333;114;57;2050;-0,22
325;16-8-4-25-25-1;dg8.tpf;SAA;16;8;4;25;25;1;18;40;7;6;1;4;1;66,66666667;124;62;216;4,92
326;16-8-4-25-25-1;dg8.tpf;HS;16;8;4;25;25;1;18;40;7;6;1;4;1;66,66666667;124;62;158;4,92
327;16-8-4-25-25-1;dg8.tpf;RS;16;8;4;25;25;1;18;40;7;6;1;4;1;66,66666667;124;62;612;4,92
328;16-8-4-25-25-1;dg9.tpf;SAA;16;8;4;25;25;1;18;44;8;5;1;4;1;72,22222222;98;49;249;-11,01
329;16-8-4-25-25-1;dg9.tpf;HS;16;8;4;25;25;1;18;44;8;5;1;4;1;72,22222222;98;49;170;-11,01
330;16-8-4-25-25-1;dg9.tpf;RS;16;8;4;25;25;1;18;44;8;5;1;4;1;72,22222222;98;49;1318;-11,01
331;16-8-4-25-50-1;dg1.tpf;SAA;16;8;4;25;50;1;18;47;7;4;1;4;1;33,33333333;126;63;135;-23,36
332;16-8-4-25-50-1;dg1.tpf;HS;16;8;4;25;50;1;18;47;7;4;1;4;1;33,33333333;126;63;62;-23,36
333;16-8-4-25-50-1;dg1.tpf;RS;16;8;4;25;50;1;18;47;7;4;1;4;1;33,33333333;126;63;344;-23,36
334;16-8-4-25-50-1;dg10.tpf;SAA;16;8;4;25;50;1;18;44;8;4;1;4;1;44,44444444;98;49;250;52,9
335;16-8-4-25-50-1;dg10.tpf;HS;16;8;4;25;50;1;18;44;8;4;1;4;1;44,44444444;98;49;151;52,9
336;16-8-4-25-50-1;dg10.tpf;RS;16;8;4;25;50;1;18;44;8;4;1;4;1;44,44444444;98;49;279;52,9
337;16-8-4-25-50-1;dg2.tpf;SAA;16;8;4;25;50;1;18;42;7;4;1;4;1;44,44444444;120;60;191;80,52
338;16-8-4-25-50-1;dg2.tpf;HS;16;8;4;25;50;1;18;42;7;4;1;4;1;44,44444444;120;60;76;80,52
339;16-8-4-25-50-1;dg2.tpf;RS;16;8;4;25;50;1;18;42;7;4;1;4;1;44,44444444;120;60;222;80,52
340;16-8-4-25-50-1;dg3.tpf;SAA;16;8;4;25;50;1;18;44;7;4;1;4;1;50;104;52;222;95,03
341;16-8-4-25-50-1;dg3.tpf;HS;16;8;4;25;50;1;18;44;7;4;1;4;1;50;104;52;143;95,03
342;16-8-4-25-50-1;dg3.tpf;RS;16;8;4;25;50;1;18;44;7;4;1;4;1;50;104;52;456;95,03
343;16-8-4-25-50-1;dg4.tpf;SAA;16;8;4;25;50;1;18;45;7;4;1;4;1;55,55555556;106;53;160;74,99
344;16-8-4-25-50-1;dg4.tpf;HS;16;8;4;25;50;1;18;45;7;4;1;4;1;55,55555556;106;53;108;74,99
345;16-8-4-25-50-1;dg4.tpf;RS;16;8;4;25;50;1;18;45;7;4;1;4;1;55,55555556;106;53;595;74,99
346;16-8-4-25-50-1;dg5.tpf;SAA;16;8;4;25;50;1;18;43;7;4;1;4;1;27,77777778;86;43;145;88,24
347;16-8-4-25-50-1;dg5.tpf;HS;16;8;4;25;50;1;18;43;7;4;1;4;1;27,77777778;86;43;69;88,24
348;16-8-4-25-50-1;dg5.tpf;RS;16;8;4;25;50;1;18;43;7;4;1;4;1;27,77777778;86;43;185;88,24
349;16-8-4-25-50-1;dg6.tpf;SAA;16;8;4;25;50;1;18;48;7;4;1;4;1;50;108;54;182;44,65
350;16-8-4-25-50-1;dg6.tpf;HS;16;8;4;25;50;1;18;48;7;4;1;4;1;50;108;54;128;44,65
351;16-8-4-25-50-1;dg6.tpf;RS;16;8;4;25;50;1;18;48;7;4;1;4;1;50;108;54;307;44,65
352;16-8-4-25-50-1;dg7.tpf;SAA;16;8;4;25;50;1;18;46;6;6;1;4;1;66,66666667;108;54;288;-0,15
353;16-8-4-25-50-1;dg7.tpf;HS;16;8;4;25;50;1;18;46;6;6;1;4;1;66,66666667;108;54;214;-0,15
354;16-8-4-25-50-1;dg7.tpf;RS;16;8;4;25;50;1;18;46;6;6;1;4;1;66,66666667;108;54;855;-0,15
355;16-8-4-25-50-1;dg8.tpf;SAA;16;8;4;25;50;1;18;44;8;4;1;4;1;44,44444444;116;58;189;18,3
356;16-8-4-25-50-1;dg8.tpf;HS;16;8;4;25;50;1;18;44;8;4;1;4;1;44,44444444;116;58;126;18,3
357;16-8-4-25-50-1;dg8.tpf;RS;16;8;4;25;50;1;18;44;8;4;1;4;1;44,44444444;116;58;417;18,3
358;16-8-4-25-50-1;dg9.tpf;SAA;16;8;4;25;50;1;18;44;7;4;1;4;1;33,33333333;130;65;120;85,88
359;16-8-4-25-50-1;dg9.tpf;HS;16;8;4;25;50;1;18;44;7;4;1;4;1;33,33333333;130;65;47;85,88
360;16-8-4-25-50-1;dg9.tpf;RS;16;8;4;25;50;1;18;44;7;4;1;4;1;33,33333333;130;65;202;85,88
361;64-4-3-25-25-1;dg1.tpf;SAA;64;4;3;25;25;1;66;151;7;22;1;23;1;75,75757576;74;37;2916;100,66
362;64-4-3-25-25-1;dg1.tpf;HS;64;4;3;25;25;1;66;151;7;22;1;23;1;75,75757576;74;37;2623;100,66
363;64-4-3-25-25-1;dg1.tpf;RS;64;4;3;25;25;1;66;151;7;22;1;23;1;75,75757576;74;37;5130;100,66
364;64-4-3-25-25-1;dg10.tpf;SAA;64;4;3;25;25;1;66;153;7;22;1;20;1;71,21212121;72;36;2382;190,02
365;64-4-3-25-25-1;dg10.tpf;HS;64;4;3;25;25;1;66;153;7;22;1;20;1;71,21212121;72;36;2130;190,02
366;64-4-3-25-25-1;dg10.tpf;RS;64;4;3;25;25;1;66;153;7;22;1;20;1;71,21212121;72;36;11039;190,02
367;64-4-3-25-25-1;dg2.tpf;SAA;64;4;3;25;25;1;66;157;7;19;1;21;1;72,72727273;76;38;4816;46,84
368;64-4-3-25-25-1;dg2.tpf;HS;64;4;3;25;25;1;66;157;7;19;1;21;1;72,72727273;76;38;4119;46,84
369;64-4-3-25-25-1;dg2.tpf;RS;64;4;3;25;25;1;66;157;7;19;1;21;1;72,72727273;76;38;23110;46,84
370;64-4-3-25-25-1;dg3.tpf;SAA;64;4;3;25;25;1;66;154;7;23;1;22;1;66,66666667;70;35;2889;27,87
371;64-4-3-25-25-1;dg3.tpf;HS;64;4;3;25;25;1;66;154;7;23;1;22;1;66,66666667;70;35;2246;27,87
372;64-4-3-25-25-1;dg3.tpf;RS;64;4;3;25;25;1;66;154;7;23;1;22;1;66,66666667;70;35;11027;27,87
373;64-4-3-25-25-1;dg4.tpf;SAA;64;4;3;25;25;1;66;137;7;28;1;20;1;71,21212121;68;34;1699;109,79
374;64-4-3-25-25-1;dg4.tpf;HS;64;4;3;25;25;1;66;137;7;28;1;20;1;71,21212121;68;34;1477;109,79
375;64-4-3-25-25-1;dg4.tpf;RS;64;4;3;25;25;1;66;137;7;28;1;20;1;71,21212121;68;34;4869;109,79
376;64-4-3-25-25-1;dg5.tpf;SAA;64;4;3;25;25;1;66;153;7;21;1;18;1;68,18181818;74;37;2092;187,54
377;64-4-3-25-25-1;dg5.tpf;HS;64;4;3;25;25;1;66;153;7;21;1;18;1;68,18181818;74;37;1765;187,54
378;64-4-3-25-25-1;dg5.tpf;RS;64;4;3;25;25;1;66;153;7;21;1;18;1;68,18181818;74;37;7393;187,54
379;64-4-3-25-25-1;dg6.tpf;SAA;64;4;3;25;25;1;66;151;7;23;1;18;1;74,24242424;72;36;3065;3,89
380;64-4-3-25-25-1;dg6.tpf;HS;64;4;3;25;25;1;66;151;7;23;1;18;1;74,24242424;72;36;2514;3,89
381;64-4-3-25-25-1;dg6.tpf;RS;64;4;3;25;25;1;66;151;7;23;1;18;1;74,24242424;72;36;12431;3,89
382;64-4-3-25-25-1;dg7.tpf;SAA;64;4;3;25;25;1;66;156;7;20;1;22;1;72,72727273;70;35;3526;138,24
383;64-4-3-25-25-1;dg7.tpf;HS;64;4;3;25;25;1;66;156;7;20;1;22;1;72,72727273;70;35;2671;138,24
384;64-4-3-25-25-1;dg7.tpf;RS;64;4;3;25;25;1;66;156;7;20;1;22;1;72,72727273;70;35;10607;138,24
385;64-4-3-25-25-1;dg8.tpf;SAA;64;4;3;25;25;1;66;151;7;21;1;19;1;59,09090909;76;38;1988;235,34
386;64-4-3-25-25-1;dg8.tpf;HS;64;4;3;25;25;1;66;151;7;21;1;19;1;59,09090909;76;38;1452;235,34
387;64-4-3-25-25-1;dg8.tpf;RS;64;4;3;25;25;1;66;151;7;21;1;19;1;59,09090909;76;38;3411;235,34
388;64-4-3-25-25-1;dg9.tpf;SAA;64;4;3;25;25;1;66;149;7;21;1;21;1;71,21212121;60;30;2303;223,88
389;64-4-3-25-25-1;dg9.tpf;HS;64;4;3;25;25;1;66;149;7;21;1;21;1;71,21212121;60;30;2108;223,88
390;64-4-3-25-25-1;dg9.tpf;RS;64;4;3;25;25;1;66;149;7;21;1;21;1;71,21212121;60;30;3627;223,88
391;64-4-3-25-50-1;dg1.tpf;SAA;64;4;3;25;50;1;66;147;7;20;1;20;1;57,57575758;70;35;1175;190,88
392;64-4-3-25-50-1;dg1.tpf;HS;64;4;3;25;50;1;66;147;7;20;1;20;1;57,57575758;70;35;898;190,88
393;64-4-3-25-50-1;dg1.tpf;RS;64;4;3;25;50;1;66;147;7;20;1;20;1;57,57575758;70;35;2581;190,88
394;64-4-3-25-50-1;dg10.tpf;SAA;64;4;3;25;50;1;66;148;7;21;1;22;1;48,48484848;64;32;1202;404,48
395;64-4-3-25-50-1;dg10.tpf;HS;64;4;3;25;50;1;66;148;7;21;1;22;1;48,48484848;64;32;875;404,48
396;64-4-3-25-50-1;dg10.tpf;RS;64;4;3;25;50;1;66;148;7;21;1;22;1;48,48484848;64;32;2837;404,48
397;64-4-3-25-50-1;dg2.tpf;SAA;64;4;3;25;50;1;66;164;7;20;1;21;1;59,09090909;70;35;2498;122,62
398;64-4-3-25-50-1;dg2.tpf;HS;64;4;3;25;50;1;66;164;7;20;1;21;1;59,09090909;70;35;1997;122,62
399;64-4-3-25-50-1;dg2.tpf;RS;64;4;3;25;50;1;66;164;7;20;1;21;1;59,09090909;70;35;14087;122,62
400;64-4-3-25-50-1;dg3.tpf;SAA;64;4;3;25;50;1;66;151;7;22;1;16;1;39,39393939;76;38;765;388,18
401;64-4-3-25-50-1;dg3.tpf;HS;64;4;3;25;50;1;66;151;7;22;1;16;1;39,39393939;76;38;514;388,18
402;64-4-3-25-50-1;dg3.tpf;RS;64;4;3;25;50;1;66;151;7;22;1;16;1;39,39393939;76;38;1206;388,18
403;64-4-3-25-50-1;dg4.tpf;SAA;64;4;3;25;50;1;66;151;7;19;1;23;1;54,54545455;72;36;1318;244,9
404;64-4-3-25-50-1;dg4.tpf;HS;64;4;3;25;50;1;66;151;7;19;1;23;1;54,54545455;72;36;1080;244,9
405;64-4-3-25-50-1;dg4.tpf;RS;64;4;3;25;50;1;66;151;7;19;1;23;1;54,54545455;72;36;4849;244,9
406;64-4-3-25-50-1;dg5.tpf;SAA;64;4;3;25;50;1;66;153;7;19;1;22;1;43,93939394;72;36;967;367,21
407;64-4-3-25-50-1;dg5.tpf;HS;64;4;3;25;50;1;66;153;7;19;1;22;1;43,93939394;72;36;709;367,21
408;64-4-3-25-50-1;dg5.tpf;RS;64;4;3;25;50;1;66;153;7;19;1;22;1;43,93939394;72;36;3003;367,21
409;64-4-3-25-50-1;dg6.tpf;SAA;64;4;3;25;50;1;66;155;7;21;1;21;1;50;74;37;1151;250,87
410;64-4-3-25-50-1;dg6.tpf;HS;64;4;3;25;50;1;66;155;7;21;1;21;1;50;74;37;735;250,87
411;64-4-3-25-50-1;dg6.tpf;RS;64;4;3;25;50;1;66;155;7;21;1;21;1;50;74;37;2057;250,87
412;64-4-3-25-50-1;dg7.tpf;SAA;64;4;3;25;50;1;66;153;7;22;1;17;1;50;66;33;1044;153,65
413;64-4-3-25-50-1;dg7.tpf;HS;64;4;3;25;50;1;66;153;7;22;1;17;1;50;66;33;677;153,65
414;64-4-3-25-50-1;dg7.tpf;RS;64;4;3;25;50;1;66;153;7;22;1;17;1;50;66;33;3006;153,65
415;64-4-3-25-50-1;dg8.tpf;SAA;64;4;3;25;50;1;66;151;7;19;1;20;1;45,45454545;78;39;1152;255,79
416;64-4-3-25-50-1;dg8.tpf;HS;64;4;3;25;50;1;66;151;7;19;1;20;1;45,45454545;78;39;835;255,79
417;64-4-3-25-50-1;dg8.tpf;RS;64;4;3;25;50;1;66;151;7;19;1;20;1;45,45454545;78;39;3630;255,79
418;64-4-3-25-50-1;dg9.tpf;SAA;64;4;3;25;50;1;66;158;7;20;1;24;1;59,09090909;72;36;1323;310,96
419;64-4-3-25-50-1;dg9.tpf;HS;64;4;3;25;50;1;66;158;7;20;1;24;1;59,09090909;72;36;1075;310,96
420;64-4-3-25-50-1;dg9.tpf;RS;64;4;3;25;50;1;66;158;7;20;1;24;1;59,09090909;72;36;3309;310,96
421;64-4-4-25-25-1;dg1.tpf;SAA;64;4;4;25;25;1;66;178;7;18;1;21;1;75,75757576;70;35;3723;66,42
422;64-4-4-25-25-1;dg1.tpf;HS;64;4;4;25;25;1;66;178;7;18;1;21;1;75,75757576;70;35;3453;66,42
423;64-4-4-25-25-1;dg1.tpf;RS;64;4;4;25;25;1;66;178;7;18;1;21;1;75,75757576;70;35;10329;66,42
424;64-4-4-25-25-1;dg10.tpf;SAA;64;4;4;25;25;1;66;185;7;18;1;22;1;80,3030303;74;37;3763;80,03
425;64-4-4-25-25-1;dg10.tpf;HS;64;4;4;25;25;1;66;185;7;18;1;22;1;80,3030303;74;37;3421;80,03
426;64-4-4-25-25-1;dg10.tpf;RS;64;4;4;25;25;1;66;185;7;18;1;22;1;80,3030303;74;37;31091;80,03
427;64-4-4-25-25-1;dg2.tpf;SAA;64;4;4;25;25;1;66;188;7;19;1;20;1;75,75757576;74;37;4338;164,25
428;64-4-4-25-25-1;dg2.tpf;HS;64;4;4;25;25;1;66;188;7;19;1;20;1;75,75757576;74;37;3702;164,25
429;64-4-4-25-25-1;dg2.tpf;RS;64;4;4;25;25;1;66;188;7;19;1;20;1;75,75757576;74;37;23234;164,25
430;64-4-4-25-25-1;dg3.tpf;SAA;64;4;4;25;25;1;66;195;7;15;1;21;1;74,24242424;76;38;3771;194,77
431;64-4-4-25-25-1;dg3.tpf;HS;64;4;4;25;25;1;66;195;7;15;1;21;1;74,24242424;76;38;3350;194,77
432;64-4-4-25-25-1;dg3.tpf;RS;64;4;4;25;25;1;66;195;7;15;1;21;1;74,24242424;76;38;35757;194,77
433;64-4-4-25-25-1;dg4.tpf;SAA;64;4;4;25;25;1;66;195;7;22;1;16;1;75,75757576;74;37;4338;114,38
434;64-4-4-25-25-1;dg4.tpf;HS;64;4;4;25;25;1;66;195;7;22;1;16;1;75,75757576;74;37;4043;114,38
435;64-4-4-25-25-1;dg4.tpf;RS;64;4;4;25;25;1;66;195;7;22;1;16;1;75,75757576;74;37;30296;114,38
436;64-4-4-25-25-1;dg5.tpf;SAA;64;4;4;25;25;1;66;184;7;20;1;18;1;77,27272727;74;37;4545;172,36
437;64-4-4-25-25-1;dg5.tpf;HS;64;4;4;25;25;1;66;184;7;20;1;18;1;77,27272727;74;37;3836;172,36
438;64-4-4-25-25-1;dg5.tpf;RS;64;4;4;25;25;1;66;184;7;20;1;18;1;77,27272727;74;37;8937;172,36
439;64-4-4-25-25-1;dg6.tpf;SAA;64;4;4;25;25;1;66;190;7;19;1;20;1;77,27272727;72;36;5243;154,23
440;64-4-4-25-25-1;dg6.tpf;HS;64;4;4;25;25;1;66;190;7;19;1;20;1;77,27272727;72;36;4250;154,23
441;64-4-4-25-25-1;dg6.tpf;RS;64;4;4;25;25;1;66;190;7;19;1;20;1;77,27272727;72;36;22400;154,23
442;64-4-4-25-25-1;dg7.tpf;SAA;64;4;4;25;25;1;66;193;7;18;1;21;1;68,18181818;74;37;3475;117,41
443;64-4-4-25-25-1;dg7.tpf;HS;64;4;4;25;25;1;66;193;7;18;1;21;1;68,18181818;74;37;3056;117,41
444;64-4-4-25-25-1;dg7.tpf;RS;64;4;4;25;25;1;66;193;7;18;1;21;1;68,18181818;74;37;23699;117,41
445;64-4-4-25-25-1;dg8.tpf;SAA;64;4;4;25;25;1;66;182;7;20;1;22;1;74,24242424;68;34;2651;249,82
446;64-4-4-25-25-1;dg8.tpf;HS;64;4;4;25;25;1;66;182;7;20;1;22;1;74,24242424;68;34;2447;249,82
447;64-4-4-25-25-1;dg8.tpf;RS;64;4;4;25;25;1;66;182;7;20;1;22;1;74,24242424;68;34;15533;249,82
448;64-4-4-25-25-1;dg9.tpf;SAA;64;4;4;25;25;1;66;181;7;18;1;21;1;74,24242424;76;38;4196;126,29
449;64-4-4-25-25-1;dg9.tpf;HS;64;4;4;25;25;1;66;181;7;18;1;21;1;74,24242424;76;38;3399;126,29
450;64-4-4-25-25-1;dg9.tpf;RS;64;4;4;25;25;1;66;181;7;18;1;21;1;74,24242424;76;38;11333;126,29
451;64-4-4-25-50-1;dg1.tpf;SAA;64;4;4;25;50;1;66;175;7;21;1;17;1;51,51515152;72;36;1189;274,81
452;64-4-4-25-50-1;dg1.tpf;HS;64;4;4;25;50;1;66;175;7;21;1;17;1;51,51515152;72;36;938;274,81
453;64-4-4-25-50-1;dg1.tpf;RS;64;4;4;25;50;1;66;175;7;21;1;17;1;51,51515152;72;36;1893;274,81
454;64-4-4-25-50-1;dg10.tpf;SAA;64;4;4;25;50;1;66;169;7;16;1;21;1;60,60606061;72;36;2437;233,66
455;64-4-4-25-50-1;dg10.tpf;HS;64;4;4;25;50;1;66;169;7;16;1;21;1;60,60606061;72;36;1766;233,66
456;64-4-4-25-50-1;dg10.tpf;RS;64;4;4;25;50;1;66;169;7;16;1;21;1;60,60606061;72;36;8909;233,66
457;64-4-4-25-50-1;dg2.tpf;SAA;64;4;4;25;50;1;66;186;7;19;1;22;1;57,57575758;76;38;2588;170,2
458;64-4-4-25-50-1;dg2.tpf;HS;64;4;4;25;50;1;66;186;7;19;1;22;1;57,57575758;76;38;1927;170,2
459;64-4-4-25-50-1;dg2.tpf;RS;64;4;4;25;50;1;66;186;7;19;1;22;1;57,57575758;76;38;5327;170,2
460;64-4-4-25-50-1;dg3.tpf;SAA;64;4;4;25;50;1;66;187;6;20;1;20;1;50;78;39;1314;364,98
461;64-4-4-25-50-1;dg3.tpf;HS;64;4;4;25;50;1;66;187;6;20;1;20;1;50;78;39;1079;364,98
462;64-4-4-25-50-1;dg3.tpf;RS;64;4;4;25;50;1;66;187;6;20;1;20;1;50;78;39;4895;364,98
463;64-4-4-25-50-1;dg4.tpf;SAA;64;4;4;25;50;1;66;179;7;14;1;24;1;56,06060606;72;36;2211;309,71
464;64-4-4-25-50-1;dg4.tpf;HS;64;4;4;25;50;1;66;179;7;14;1;24;1;56,06060606;72;36;1788;309,71
465;64-4-4-25-50-1;dg4.tpf;RS;64;4;4;25;50;1;66;179;7;14;1;24;1;56,06060606;72;36;12125;309,71
466;64-4-4-25-50-1;dg5.tpf;SAA;64;4;4;25;50;1;66;191;6;21;1;21;1;53,03030303;76;38;1868;291,17
467;64-4-4-25-50-1;dg5.tpf;HS;64;4;4;25;50;1;66;191;6;21;1;21;1;53,03030303;76;38;1181;291,17
468;64-4-4-25-50-1;dg5.tpf;RS;64;4;4;25;50;1;66;191;6;21;1;21;1;53,03030303;76;38;12370;291,17
469;64-4-4-25-50-1;dg6.tpf;SAA;64;4;4;25;50;1;66;193;7;21;1;16;1;53,03030303;74;37;1029;201,25
470;64-4-4-25-50-1;dg6.tpf;HS;64;4;4;25;50;1;66;193;7;21;1;16;1;53,03030303;74;37;758;201,25
471;64-4-4-25-50-1;dg6.tpf;RS;64;4;4;25;50;1;66;193;7;21;1;16;1;53,03030303;74;37;5561;201,25
472;64-4-4-25-50-1;dg7.tpf;SAA;64;4;4;25;50;1;66;174;7;15;1;23;1;53,03030303;74;37;1695;439,58
473;64-4-4-25-50-1;dg7.tpf;HS;64;4;4;25;50;1;66;174;7;15;1;23;1;53,03030303;74;37;1233;439,58
474;64-4-4-25-50-1;dg7.tpf;RS;64;4;4;25;50;1;66;174;7;15;1;23;1;53,03030303;74;37;7787;439,58
475;64-4-4-25-50-1;dg8.tpf;SAA;64;4;4;25;50;1;66;198;7;18;1;22;1;51,51515152;72;36;2362;345,88
476;64-4-4-25-50-1;dg8.tpf;HS;64;4;4;25;50;1;66;198;7;18;1;22;1;51,51515152;72;36;1555;345,88
477;64-4-4-25-50-1;dg8.tpf;RS;64;4;4;25;50;1;66;198;7;18;1;22;1;51,51515152;72;36;6116;345,88
478;64-4-4-25-50-1;dg9.tpf;SAA;64;4;4;25;50;1;66;186;7;20;1;22;1;43,93939394;76;38;963;193,44
479;64-4-4-25-50-1;dg9.tpf;HS;64;4;4;25;50;1;66;186;7;20;1;22;1;43,93939394;76;38;692;193,44
480;64-4-4-25-50-1;dg9.tpf;RS;64;4;4;25;50;1;66;186;7;20;1;22;1;43,93939394;76;38;5616;193,44
481;64-6-3-25-25-1;dg1.tpf;SAA;64;6;3;25;25;1;66;161;7;17;1;19;1;65,15151515;90;45;1913;167,85
482;64-6-3-25-25-1;dg1.tpf;HS;64;6;3;25;25;1;66;161;7;17;1;19;1;65,15151515;90;45;1537;167,85
483;64-6-3-25-25-1;dg1.tpf;RS;64;6;3;25;25;1;66;161;7;17;1;19;1;65,15151515;90;45;4459;167,85
484;64-6-3-25-25-1;dg10.tpf;SAA;64;6;3;25;25;1;66;156;7;18;1;18;1;75,75757576;96;48;2636;71,71
485;64-6-3-25-25-1;dg10.tpf;HS;64;6;3;25;25;1;66;156;7;18;1;18;1;75,75757576;96;48;2177;71,71
486;64-6-3-25-25-1;dg10.tpf;RS;64;6;3;25;25;1;66;156;7;18;1;18;1;75,75757576;96;48;8282;71,71
487;64-6-3-25-25-1;dg2.tpf;SAA;64;6;3;25;25;1;66;154;8;18;1;14;1;66,66666667;104;52;2458;19,05
488;64-6-3-25-25-1;dg2.tpf;HS;64;6;3;25;25;1;66;154;8;18;1;14;1;66,66666667;104;52;1780;19,05
489;64-6-3-25-25-1;dg2.tpf;RS;64;6;3;25;25;1;66;154;8;18;1;14;1;66,66666667;104;52;19213;19,05
490;64-6-3-25-25-1;dg3.tpf;SAA;64;6;3;25;25;1;66;156;7;18;1;18;1;72,72727273;92;46;1614;30,08
491;64-6-3-25-25-1;dg3.tpf;HS;64;6;3;25;25;1;66;156;7;18;1;18;1;72,72727273;92;46;1338;30,08
492;64-6-3-25-25-1;dg3.tpf;RS;64;6;3;25;25;1;66;156;7;18;1;18;1;72,72727273;92;46;16675;30,08
493;64-6-3-25-25-1;dg4.tpf;SAA;64;6;3;25;25;1;66;147;7;22;1;18;1;75,75757576;78;39;1987;58,88
494;64-6-3-25-25-1;dg4.tpf;HS;64;6;3;25;25;1;66;147;7;22;1;18;1;75,75757576;78;39;1656;58,88
495;64-6-3-25-25-1;dg4.tpf;RS;64;6;3;25;25;1;66;147;7;22;1;18;1;75,75757576;78;39;5237;58,88
496;64-6-3-25-25-1;dg5.tpf;SAA;64;6;3;25;25;1;66;151;7;19;1;16;1;65,15151515;96;48;3105;69,49
497;64-6-3-25-25-1;dg5.tpf;HS;64;6;3;25;25;1;66;151;7;19;1;16;1;65,15151515;96;48;2272;69,49
498;64-6-3-25-25-1;dg5.tpf;RS;64;6;3;25;25;1;66;151;7;19;1;16;1;65,15151515;96;48;22984;69,49
499;64-6-3-25-25-1;dg6.tpf;SAA;64;6;3;25;25;1;66;149;7;21;1;20;1;68,18181818;82;41;1743;58,4
500;64-6-3-25-25-1;dg6.tpf;HS;64;6;3;25;25;1;66;149;7;21;1;20;1;68,18181818;82;41;1487;58,4
501;64-6-3-25-25-1;dg6.tpf;RS;64;6;3;25;25;1;66;149;7;21;1;20;1;68,18181818;82;41;4936;58,4
502;64-6-3-25-25-1;dg7.tpf;SAA;64;6;3;25;25;1;66;156;7;16;1;21;1;74,24242424;90;45;2562;109,86
503;64-6-3-25-25-1;dg7.tpf;HS;64;6;3;25;25;1;66;156;7;16;1;21;1;74,24242424;90;45;2132;109,86
504;64-6-3-25-25-1;dg7.tpf;RS;64;6;3;25;25;1;66;156;7;16;1;21;1;74,24242424;90;45;7388;109,86
505;64-6-3-25-25-1;dg8.tpf;SAA;64;6;3;25;25;1;66;158;7;17;1;17;1;80,3030303;100;50;4565;38,8
506;64-6-3-25-25-1;dg8.tpf;HS;64;6;3;25;25;1;66;158;7;17;1;17;1;80,3030303;100;50;3881;38,8
507;64-6-3-25-25-1;dg8.tpf;RS;64;6;3;25;25;1;66;158;7;17;1;17;1;80,3030303;100;50;37178;38,8
508;64-6-3-25-25-1;dg9.tpf;SAA;64;6;3;25;25;1;66;156;7;19;1;16;1;71,21212121;90;45;2592;80,31
509;64-6-3-25-25-1;dg9.tpf;HS;64;6;3;25;25;1;66;156;7;19;1;16;1;71,21212121;90;45;2256;80,31
510;64-6-3-25-25-1;dg9.tpf;RS;64;6;3;25;25;1;66;156;7;19;1;16;1;71,21212121;90;45;18177;80,31
511;64-6-3-25-50-1;dg1.tpf;SAA;64;6;3;25;50;1;66;148;7;19;1;22;1;45,45454545;96;48;894;427,87
512;64-6-3-25-50-1;dg1.tpf;HS;64;6;3;25;50;1;66;148;7;19;1;22;1;45,45454545;96;48;627;427,87
513;64-6-3-25-50-1;dg1.tpf;RS;64;6;3;25;50;1;66;148;7;19;1;22;1;45,45454545;96;48;2447;427,87
514;64-6-3-25-50-1;dg10.tpf;SAA;64;6;3;25;50;1;66;158;7;18;1;18;1;45,45454545;102;51;1198;237
515;64-6-3-25-50-1;dg10.tpf;HS;64;6;3;25;50;1;66;158;7;18;1;18;1;45,45454545;102;51;777;237
516;64-6-3-25-50-1;dg10.tpf;RS;64;6;3;25;50;1;66;158;7;18;1;18;1;45,45454545;102;51;5554;237
517;64-6-3-25-50-1;dg2.tpf;SAA;64;6;3;25;50;1;66;159;8;20;1;19;1;45,45454545;94;47;622;181,92
518;64-6-3-25-50-1;dg2.tpf;HS;64;6;3;25;50;1;66;159;8;20;1;19;1;45,45454545;94;47;455;181,92
519;64-6-3-25-50-1;dg2.tpf;RS;64;6;3;25;50;1;66;159;8;20;1;19;1;45,45454545;94;47;5210;181,92
520;64-6-3-25-50-1;dg3.tpf;SAA;64;6;3;25;50;1;66;162;7;17;1;21;1;45,45454545;104;52;852;233,23
521;64-6-3-25-50-1;dg3.tpf;HS;64;6;3;25;50;1;66;162;7;17;1;21;1;45,45454545;104;52;574;233,23
522;64-6-3-25-50-1;dg3.tpf;RS;64;6;3;25;50;1;66;162;7;17;1;21;1;45,45454545;104;52;5016;233,23
523;64-6-3-25-50-1;dg4.tpf;SAA;64;6;3;25;50;1;66;155;7;21;1;21;1;51,51515152;86;43;901;292,19
524;64-6-3-25-50-1;dg4.tpf;HS;64;6;3;25;50;1;66;155;7;21;1;21;1;51,51515152;86;43;642;292,19
525;64-6-3-25-50-1;dg4.tpf;RS;64;6;3;25;50;1;66;155;7;21;1;21;1;51,51515152;86;43;2172;292,19
526;64-6-3-25-50-1;dg5.tpf;SAA;64;6;3;25;50;1;66;153;7;20;1;18;1;39,39393939;92;46;746;260,81
527;64-6-3-25-50-1;dg5.tpf;HS;64;6;3;25;50;1;66;153;7;20;1;18;1;39,39393939;92;46;441;260,81
528;64-6-3-25-50-1;dg5.tpf;RS;64;6;3;25;50;1;66;153;7;20;1;18;1;39,39393939;92;46;4039;260,81
529;64-6-3-25-50-1;dg6.tpf;SAA;64;6;3;25;50;1;66;152;7;18;1;20;1;54,54545455;84;42;1257;322,83
530;64-6-3-25-50-1;dg6.tpf;HS;64;6;3;25;50;1;66;152;7;18;1;20;1;54,54545455;84;42;868;322,83
531;64-6-3-25-50-1;dg6.tpf;RS;64;6;3;25;50;1;66;152;7;18;1;20;1;54,54545455;84;42;3879;322,83
532;64-6-3-25-50-1;dg7.tpf;SAA;64;6;3;25;50;1;66;159;7;17;1;16;1;48,48484848;104;52;1421;307,73
533;64-6-3-25-50-1;dg7.tpf;HS;64;6;3;25;50;1;66;159;7;17;1;16;1;48,48484848;104;52;970;307,73
534;64-6-3-25-50-1;dg7.tpf;RS;64;6;3;25;50;1;66;159;7;17;1;16;1;48,48484848;104;52;2327;307,73
535;64-6-3-25-50-1;dg8.tpf;SAA;64;6;3;25;50;1;66;150;8;21;1;14;1;45,45454545;82;41;981;127,55
536;64-6-3-25-50-1;dg8.tpf;HS;64;6;3;25;50;1;66;150;8;21;1;14;1;45,45454545;82;41;691;127,55
537;64-6-3-25-50-1;dg8.tpf;RS;64;6;3;25;50;1;66;150;8;21;1;14;1;45,45454545;82;41;3616;127,55
538;64-6-3-25-50-1;dg9.tpf;SAA;64;6;3;25;50;1;66;158;7;20;1;19;1;43,93939394;94;47;814;396,92
539;64-6-3-25-50-1;dg9.tpf;HS;64;6;3;25;50;1;66;158;7;20;1;19;1;43,93939394;94;47;537;396,92
540;64-6-3-25-50-1;dg9.tpf;RS;64;6;3;25;50;1;66;158;7;20;1;19;1;43,93939394;94;47;2064;396,92
541;64-6-4-25-25-1;dg1.tpf;SAA;64;6;4;25;25;1;66;184;7;15;1;16;1;80,3030303;102;51;3965;120,44
542;64-6-4-25-25-1;dg1.tpf;HS;64;6;4;25;25;1;66;184;7;15;1;16;1;80,3030303;102;51;3621;120,44
543;64-6-4-25-25-1;dg1.tpf;RS;64;6;4;25;25;1;66;184;7;15;1;16;1;80,3030303;102;51;40212;120,44
544;64-6-4-25-25-1;dg10.tpf;SAA;64;6;4;25;25;1;66;187;7;13;1;15;1;69,6969697;106;53;3692;44,92
545;64-6-4-25-25-1;dg10.tpf;HS;64;6;4;25;25;1;66;187;7;13;1;15;1;69,6969697;106;53;3202;44,92
546;64-6-4-25-25-1;dg10.tpf;RS;64;6;4;25;25;1;66;187;7;13;1;15;1;69,6969697;106;53;28002;44,92
547;64-6-4-25-25-1;dg2.tpf;SAA;64;6;4;25;25;1;66;199;7;17;1;12;1;77,27272727;102;51;4067;53,52
548;64-6-4-25-25-1;dg2.tpf;HS;64;6;4;25;25;1;66;199;7;17;1;12;1;77,27272727;102;51;3757;53,52
549;64-6-4-25-25-1;dg2.tpf;RS;64;6;4;25;25;1;66;199;7;17;1;12;1;77,27272727;102;51;27918;53,52
550;64-6-4-25-25-1;dg3.tpf;SAA;64;6;4;25;25;1;66;186;7;18;1;15;1;66,66666667;106;53;7031;11,08
551;64-6-4-25-25-1;dg3.tpf;HS;64;6;4;25;25;1;66;186;7;18;1;15;1;66,66666667;106;53;5138;11,08
552;64-6-4-25-25-1;dg3.tpf;RS;64;6;4;25;25;1;66;186;7;18;1;15;1;66,66666667;106;53;24840;11,08
553;64-6-4-25-25-1;dg4.tpf;SAA;64;6;4;25;25;1;66;194;7;17;1;17;1;72,72727273;104;52;5590;152,5
554;64-6-4-25-25-1;dg4.tpf;HS;64;6;4;25;25;1;66;194;7;17;1;17;1;72,72727273;104;52;4335;152,5
555;64-6-4-25-25-1;dg4.tpf;RS;64;6;4;25;25;1;66;194;7;17;1;17;1;72,72727273;104;52;11940;152,5
556;64-6-4-25-25-1;dg5.tpf;SAA;64;6;4;25;25;1;66;193;7;15;1;17;1;72,72727273;94;47;5593;159,6
557;64-6-4-25-25-1;dg5.tpf;HS;64;6;4;25;25;1;66;193;7;15;1;17;1;72,72727273;94;47;4411;159,6
558;64-6-4-25-25-1;dg5.tpf;RS;64;6;4;25;25;1;66;193;7;15;1;17;1;72,72727273;94;47;12392;159,6
559;64-6-4-25-25-1;dg6.tpf;SAA;64;6;4;25;25;1;66;195;7;17;1;19;1;77,27272727;98;49;4089;85,85
560;64-6-4-25-25-1;dg6.tpf;HS;64;6;4;25;25;1;66;195;7;17;1;19;1;77,27272727;98;49;3909;85,85
561;64-6-4-25-25-1;dg6.tpf;RS;64;6;4;25;25;1;66;195;7;17;1;19;1;77,27272727;98;49;39043;85,85
562;64-6-4-25-25-1;dg7.tpf;SAA;64;6;4;25;25;1;66;184;7;16;1;18;1;81,81818182;108;54;4929;82,82
563;64-6-4-25-25-1;dg7.tpf;HS;64;6;4;25;25;1;66;184;7;16;1;18;1;81,81818182;108;54;4398;82,82
564;64-6-4-25-25-1;dg7.tpf;RS;64;6;4;25;25;1;66;184;7;16;1;18;1;81,81818182;108;54;13221;82,82
565;64-6-4-25-25-1;dg8.tpf;SAA;64;6;4;25;25;1;66;186;7;15;1;15;1;69,6969697;104;52;4683;134,41
566;64-6-4-25-25-1;dg8.tpf;HS;64;6;4;25;25;1;66;186;7;15;1;15;1;69,6969697;104;52;3787;134,41
567;64-6-4-25-25-1;dg8.tpf;RS;64;6;4;25;25;1;66;186;7;15;1;15;1;69,6969697;104;52;24182;134,41
568;64-6-4-25-25-1;dg9.tpf;SAA;64;6;4;25;25;1;66;191;7;16;1;16;1;66,66666667;98;49;3725;210,59
569;64-6-4-25-25-1;dg9.tpf;HS;64;6;4;25;25;1;66;191;7;16;1;16;1;66,66666667;98;49;2933;210,59
570;64-6-4-25-25-1;dg9.tpf;RS;64;6;4;25;25;1;66;191;7;16;1;16;1;66,66666667;98;49;18034;210,59
571;64-6-4-25-50-1;dg1.tpf;SAA;64;6;4;25;50;1;66;180;7;18;1;14;1;54,54545455;92;46;2293;201,93
572;64-6-4-25-50-1;dg1.tpf;HS;64;6;4;25;50;1;66;180;7;18;1;14;1;54,54545455;92;46;1535;201,93
573;64-6-4-25-50-1;dg1.tpf;RS;64;6;4;25;50;1;66;180;7;18;1;14;1;54,54545455;92;46;4539;201,93
574;64-6-4-25-50-1;dg10.tpf;SAA;64;6;4;25;50;1;66;186;7;17;1;13;1;34,84848485;94;47;942;222,21
575;64-6-4-25-50-1;dg10.tpf;HS;64;6;4;25;50;1;66;186;7;17;1;13;1;34,84848485;94;47;610;222,21
576;64-6-4-25-50-1;dg10.tpf;RS;64;6;4;25;50;1;66;186;7;17;1;13;1;34,84848485;94;47;2382;222,21
577;64-6-4-25-50-1;dg2.tpf;SAA;64;6;4;25;50;1;66;186;7;14;1;15;1;50;102;51;1546;140,02
578;64-6-4-25-50-1;dg2.tpf;HS;64;6;4;25;50;1;66;186;7;14;1;15;1;50;102;51;1069;140,02
579;64-6-4-25-50-1;dg2.tpf;RS;64;6;4;25;50;1;66;186;7;14;1;15;1;50;102;51;13114;140,02
580;64-6-4-25-50-1;dg3.tpf;SAA;64;6;4;25;50;1;66;195;7;15;1;19;1;51,51515152;94;47;2569;94,66
581;64-6-4-25-50-1;dg3.tpf;HS;64;6;4;25;50;1;66;195;7;15;1;19;1;51,51515152;94;47;2093;94,66
582;64-6-4-25-50-1;dg3.tpf;RS;64;6;4;25;50;1;66;195;7;15;1;19;1;51,51515152;94;47;32835;94,66
583;64-6-4-25-50-1;dg4.tpf;SAA;64;6;4;25;50;1;66;182;8;13;1;20;1;40,90909091;98;49;1103;281,73
584;64-6-4-25-50-1;dg4.tpf;HS;64;6;4;25;50;1;66;182;8;13;1;20;1;40,90909091;98;49;778;281,73
585;64-6-4-25-50-1;dg4.tpf;RS;64;6;4;25;50;1;66;182;8;13;1;20;1;40,90909091;98;49;3667;281,73
586;64-6-4-25-50-1;dg5.tpf;SAA;64;6;4;25;50;1;66;193;7;15;1;15;1;46,96969697;106;53;1295;187,79
587;64-6-4-25-50-1;dg5.tpf;HS;64;6;4;25;50;1;66;193;7;15;1;15;1;46,96969697;106;53;958;187,79
588;64-6-4-25-50-1;dg5.tpf;RS;64;6;4;25;50;1;66;193;7;15;1;15;1;46,96969697;106;53;12208;187,79
589;64-6-4-25-50-1;dg6.tpf;SAA;64;6;4;25;50;1;66;193;7;17;1;16;1;50;102;51;1985;287,21
590;64-6-4-25-50-1;dg6.tpf;HS;64;6;4;25;50;1;66;193;7;17;1;16;1;50;102;51;1404;287,21
591;64-6-4-25-50-1;dg6.tpf;RS;64;6;4;25;50;1;66;193;7;17;1;16;1;50;102;51;6857;287,21
592;64-6-4-25-50-1;dg7.tpf;SAA;64;6;4;25;50;1;66;197;7;15;1;16;1;45,45454545;100;50;3666;137,19
593;64-6-4-25-50-1;dg7.tpf;HS;64;6;4;25;50;1;66;197;7;15;1;16;1;45,45454545;100;50;2428;137,19
594;64-6-4-25-50-1;dg7.tpf;RS;64;6;4;25;50;1;66;197;7;15;1;16;1;45,45454545;100;50;7258;137,19
595;64-6-4-25-50-1;dg8.tpf;SAA;64;6;4;25;50;1;66;185;7;20;1;16;1;56,06060606;94;47;2259;186,93
596;64-6-4-25-50-1;dg8.tpf;HS;64;6;4;25;50;1;66;185;7;20;1;16;1;56,06060606;94;47;1619;186,93
597;64-6-4-25-50-1;dg8.tpf;RS;64;6;4;25;50;1;66;185;7;20;1;16;1;56,06060606;94;47;9543;186,93
598;64-6-4-25-50-1;dg9.tpf;SAA;64;6;4;25;50;1;66;196;7;15;1;15;1;42,42424242;108;54;1044;167,21
599;64-6-4-25-50-1;dg9.tpf;HS;64;6;4;25;50;1;66;196;7;15;1;15;1;42,42424242;108;54;735;167,21
600;64-6-4-25-50-1;dg9.tpf;RS;64;6;4;25;50;1;66;196;7;15;1;15;1;42,42424242;108;54;6242;167,21
601;64-8-3-25-25-1;dg1.tpf;SAA;64;8;3;25;25;1;66;159;8;19;1;15;1;68,18181818;120;60;2288;24,22
602;64-8-3-25-25-1;dg1.tpf;HS;64;8;3;25;25;1;66;159;8;19;1;15;1;68,18181818;120;60;1659;24,22
603;64-8-3-25-25-1;dg1.tpf;RS;64;8;3;25;25;1;66;159;8;19;1;15;1;68,18181818;120;60;12437;24,22
604;64-8-3-25-25-1;dg10.tpf;SAA;64;8;3;25;25;1;66;154;8;15;1;13;1;77,27272727;122;61;3035;62,23
605;64-8-3-25-25-1;dg10.tpf;HS;64;8;3;25;25;1;66;154;8;15;1;13;1;77,27272727;122;61;2204;62,23
606;64-8-3-25-25-1;dg10.tpf;RS;64;8;3;25;25;1;66;154;8;15;1;13;1;77,27272727;122;61;9377;62,23
607;64-8-3-25-25-1;dg2.tpf;SAA;64;8;3;25;25;1;66;156;7;17;1;16;1;77,27272727;122;61;2555;121,27
608;64-8-3-25-25-1;dg2.tpf;HS;64;8;3;25;25;1;66;156;7;17;1;16;1;77,27272727;122;61;2192;121,27
609;64-8-3-25-25-1;dg2.tpf;RS;64;8;3;25;25;1;66;156;7;17;1;16;1;77,27272727;122;61;16154;121,27
610;64-8-3-25-25-1;dg3.tpf;SAA;64;8;3;25;25;1;66;155;8;20;1;16;1;80,3030303;100;50;3724;133,53
611;64-8-3-25-25-1;dg3.tpf;HS;64;8;3;25;25;1;66;155;8;20;1;16;1;80,3030303;100;50;3244;133,53
612;64-8-3-25-25-1;dg3.tpf;RS;64;8;3;25;25;1;66;155;8;20;1;16;1;80,3030303;100;50;20988;133,53
613;64-8-3-25-25-1;dg4.tpf;SAA;64;8;3;25;25;1;66;150;8;17;1;10;1;72,72727273;118;59;3862;91,81
614;64-8-3-25-25-1;dg4.tpf;HS;64;8;3;25;25;1;66;150;8;17;1;10;1;72,72727273;118;59;2973;91,81
615;64-8-3-25-25-1;dg4.tpf;RS;64;8;3;25;25;1;66;150;8;17;1;10;1;72,72727273;118;59;21218;91,81
616;64-8-3-25-25-1;dg5.tpf;SAA;64;8;3;25;25;1;66;155;7;18;1;17;1;68,18181818;124;62;3360;133,21
617;64-8-3-25-25-1;dg5.tpf;HS;64;8;3;25;25;1;66;155;7;18;1;17;1;68,18181818;124;62;2307;133,21
618;64-8-3-25-25-1;dg5.tpf;RS;64;8;3;25;25;1;66;155;7;18;1;17;1;68,18181818;124;62;24882;133,21
619;64-8-3-25-25-1;dg6.tpf;SAA;64;8;3;25;25;1;66;151;8;18;1;17;1;75,75757576;114;57;3508;108,89
620;64-8-3-25-25-1;dg6.tpf;HS;64;8;3;25;25;1;66;151;8;18;1;17;1;75,75757576;114;57;2887;108,89
621;64-8-3-25-25-1;dg6.tpf;RS;64;8;3;25;25;1;66;151;8;18;1;17;1;75,75757576;114;57;12624;108,89
622;64-8-3-25-25-1;dg7.tpf;SAA;64;8;3;25;25;1;66;159;8;14;1;19;1;78,78787879;134;67;3968;56,96
623;64-8-3-25-25-1;dg7.tpf;HS;64;8;3;25;25;1;66;159;8;14;1;19;1;78,78787879;134;67;3316;56,96
624;64-8-3-25-25-1;dg7.tpf;RS;64;8;3;25;25;1;66;159;8;14;1;19;1;78,78787879;134;67;28215;56,96
625;64-8-3-25-25-1;dg8.tpf;SAA;64;8;3;25;25;1;66;152;7;19;1;16;1;77,27272727;118;59;4400;-9,14
626;64-8-3-25-25-1;dg8.tpf;HS;64;8;3;25;25;1;66;152;7;19;1;16;1;77,27272727;118;59;3171;-9,14
627;64-8-3-25-25-1;dg8.tpf;RS;64;8;3;25;25;1;66;152;7;19;1;16;1;77,27272727;118;59;15820;-9,14
628;64-8-3-25-25-1;dg9.tpf;SAA;64;8;3;25;25;1;66;155;7;20;1;16;1;77,27272727;92;46;3443;61,03
629;64-8-3-25-25-1;dg9.tpf;HS;64;8;3;25;25;1;66;155;7;20;1;16;1;77,27272727;92;46;2845;61,03
630;64-8-3-25-25-1;dg9.tpf;RS;64;8;3;25;25;1;66;155;7;20;1;16;1;77,27272727;92;46;10611;61,03
631;64-8-3-25-50-1;dg1.tpf;SAA;64;8;3;25;50;1;66;158;7;15;1;13;1;56,06060606;118;59;1325;232,4
632;64-8-3-25-50-1;dg1.tpf;HS;64;8;3;25;50;1;66;158;7;15;1;13;1;56,06060606;118;59;831;232,4
633;64-8-3-25-50-1;dg1.tpf;RS;64;8;3;25;50;1;66;158;7;15;1;13;1;56,06060606;118;59;7031;232,4
634;64-8-3-25-50-1;dg10.tpf;SAA;64;8;3;25;50;1;66;153;7;20;1;18;1;53,03030303;90;45;1750;343,87
635;64-8-3-25-50-1;dg10.tpf;HS;64;8;3;25;50;1;66;153;7;20;1;18;1;53,03030303;90;45;1361;343,87
636;64-8-3-25-50-1;dg10.tpf;RS;64;8;3;25;50;1;66;153;7;20;1;18;1;53,03030303;90;45;3722;343,87
637;64-8-3-25-50-1;dg2.tpf;SAA;64;8;3;25;50;1;66;152;7;17;1;14;1;46,96969697;102;51;1115;246,31
638;64-8-3-25-50-1;dg2.tpf;HS;64;8;3;25;50;1;66;152;7;17;1;14;1;46,96969697;102;51;785;246,31
639;64-8-3-25-50-1;dg2.tpf;RS;64;8;3;25;50;1;66;152;7;17;1;14;1;46,96969697;102;51;2423;246,31
640;64-8-3-25-50-1;dg3.tpf;SAA;64;8;3;25;50;1;66;155;7;18;1;17;1;40,90909091;92;46;931;146,38
641;64-8-3-25-50-1;dg3.tpf;HS;64;8;3;25;50;1;66;155;7;18;1;17;1;40,90909091;92;46;582;146,38
642;64-8-3-25-50-1;dg3.tpf;RS;64;8;3;25;50;1;66;155;7;18;1;17;1;40,90909091;92;46;2558;146,38
643;64-8-3-25-50-1;dg4.tpf;SAA;64;8;3;25;50;1;66;146;7;18;1;19;1;63,63636364;98;49;1634;221,06
644;64-8-3-25-50-1;dg4.tpf;HS;64;8;3;25;50;1;66;146;7;18;1;19;1;63,63636364;98;49;1156;221,06
645;64-8-3-25-50-1;dg4.tpf;RS;64;8;3;25;50;1;66;146;7;18;1;19;1;63,63636364;98;49;5565;221,06
646;64-8-3-25-50-1;dg5.tpf;SAA;64;8;3;25;50;1;66;160;8;13;1;19;1;54,54545455;106;53;2768;175,61
647;64-8-3-25-50-1;dg5.tpf;HS;64;8;3;25;50;1;66;160;8;13;1;19;1;54,54545455;106;53;1825;175,61
648;64-8-3-25-50-1;dg5.tpf;RS;64;8;3;25;50;1;66;160;8;13;1;19;1;54,54545455;106;53;14012;175,61
649;64-8-3-25-50-1;dg6.tpf;SAA;64;8;3;25;50;1;66;151;8;16;1;14;1;56,06060606;108;54;2485;303,01
650;64-8-3-25-50-1;dg6.tpf;HS;64;8;3;25;50;1;66;151;8;16;1;14;1;56,06060606;108;54;1761;303,01
651;64-8-3-25-50-1;dg6.tpf;RS;64;8;3;25;50;1;66;151;8;16;1;14;1;56,06060606;108;54;6788;303,01
652;64-8-3-25-50-1;dg7.tpf;SAA;64;8;3;25;50;1;66;154;8;14;1;13;1;48,48484848;132;66;1641;153
653;64-8-3-25-50-1;dg7.tpf;HS;64;8;3;25;50;1;66;154;8;14;1;13;1;48,48484848;132;66;983;153
654;64-8-3-25-50-1;dg7.tpf;RS;64;8;3;25;50;1;66;154;8;14;1;13;1;48,48484848;132;66;6621;153
655;64-8-3-25-50-1;dg8.tpf;SAA;64;8;3;25;50;1;66;153;7;21;1;16;1;43,93939394;88;44;910;223,99
656;64-8-3-25-50-1;dg8.tpf;HS;64;8;3;25;50;1;66;153;7;21;1;16;1;43,93939394;88;44;603;223,99
657;64-8-3-25-50-1;dg8.tpf;RS;64;8;3;25;50;1;66;153;7;21;1;16;1;43,93939394;88;44;5033;223,99
658;64-8-3-25-50-1;dg9.tpf;SAA;64;8;3;25;50;1;66;153;7;18;1;18;1;43,93939394;94;47;936;256,19
659;64-8-3-25-50-1;dg9.tpf;HS;64;8;3;25;50;1;66;153;7;18;1;18;1;43,93939394;94;47;608;256,19
660;64-8-3-25-50-1;dg9.tpf;RS;64;8;3;25;50;1;66;153;7;18;1;18;1;43,93939394;94;47;3463;256,19
661;64-8-4-25-25-1;dg1.tpf;SAA;64;8;4;25;25;1;66;167;9;14;1;17;1;81,81818182;136;68;3770;42,38
662;64-8-4-25-25-1;dg1.tpf;HS;64;8;4;25;25;1;66;167;9;14;1;17;1;81,81818182;136;68;3182;42,38
663;64-8-4-25-25-1;dg1.tpf;RS;64;8;4;25;25;1;66;167;9;14;1;17;1;81,81818182;136;68;19931;42,38
664;64-8-4-25-25-1;dg10.tpf;SAA;64;8;4;25;25;1;66;183;7;18;1;15;1;71,21212121;136;68;2456;306,81
665;64-8-4-25-25-1;dg10.tpf;HS;64;8;4;25;25;1;66;183;7;18;1;15;1;71,21212121;136;68;2111;306,81
666;64-8-4-25-25-1;dg10.tpf;RS;64;8;4;25;25;1;66;183;7;18;1;15;1;71,21212121;136;68;16736;306,81
667;64-8-4-25-25-1;dg2.tpf;SAA;64;8;4;25;25;1;66;185;8;13;1;18;1;78,78787879;116;58;3663;56,02
668;64-8-4-25-25-1;dg2.tpf;HS;64;8;4;25;25;1;66;185;8;13;1;18;1;78,78787879;116;58;3244;56,02
669;64-8-4-25-25-1;dg2.tpf;RS;64;8;4;25;25;1;66;185;8;13;1;18;1;78,78787879;116;58;26697;56,02
670;64-8-4-25-25-1;dg3.tpf;SAA;64;8;4;25;25;1;66;189;7;12;1;14;1;75,75757576;108;54;3263;69,17
671;64-8-4-25-25-1;dg3.tpf;HS;64;8;4;25;25;1;66;189;7;12;1;14;1;75,75757576;108;54;2919;69,17
672;64-8-4-25-25-1;dg3.tpf;RS;64;8;4;25;25;1;66;189;7;12;1;14;1;75,75757576;108;54;29922;69,17
673;64-8-4-25-25-1;dg4.tpf;SAA;64;8;4;25;25;1;66;185;8;13;1;12;1;81,81818182;132;66;4262;49,42
674;64-8-4-25-25-1;dg4.tpf;HS;64;8;4;25;25;1;66;185;8;13;1;12;1;81,81818182;132;66;3686;49,42
675;64-8-4-25-25-1;dg4.tpf;RS;64;8;4;25;25;1;66;185;8;13;1;12;1;81,81818182;132;66;24278;49,42
676;64-8-4-25-25-1;dg5.tpf;SAA;64;8;4;25;25;1;66;187;7;14;1;14;1;75,75757576;128;64;4303;121,79
677;64-8-4-25-25-1;dg5.tpf;HS;64;8;4;25;25;1;66;187;7;14;1;14;1;75,75757576;128;64;2936;121,79
678;64-8-4-25-25-1;dg5.tpf;RS;64;8;4;25;25;1;66;187;7;14;1;14;1;75,75757576;128;64;26469;121,79
679;64-8-4-25-25-1;dg6.tpf;SAA;64;8;4;25;25;1;66;181;7;17;1;12;1;69,6969697;128;64;2256;47,4
680;64-8-4-25-25-1;dg6.tpf;HS;64;8;4;25;25;1;66;181;7;17;1;12;1;69,6969697;128;64;1871;47,4
681;64-8-4-25-25-1;dg6.tpf;RS;64;8;4;25;25;1;66;181;7;17;1;12;1;69,6969697;128;64;29082;47,4
682;64-8-4-25-25-1;dg7.tpf;SAA;64;8;4;25;25;1;66;187;7;17;1;13;1;72,72727273;128;64;3953;79,28
683;64-8-4-25-25-1;dg7.tpf;HS;64;8;4;25;25;1;66;187;7;17;1;13;1;72,72727273;128;64;3541;79,28
684;64-8-4-25-25-1;dg7.tpf;RS;64;8;4;25;25;1;66;187;7;17;1;13;1;72,72727273;128;64;11005;79,28
685;64-8-4-25-25-1;dg8.tpf;SAA;64;8;4;25;25;1;66;198;7;15;1;15;1;78,78787879;114;57;4440;17,58
686;64-8-4-25-25-1;dg8.tpf;HS;64;8;4;25;25;1;66;198;7;15;1;15;1;78,78787879;114;57;3694;17,58
687;64-8-4-25-25-1;dg8.tpf;RS;64;8;4;25;25;1;66;198;7;15;1;15;1;78,78787879;114;57;38982;17,58
688;64-8-4-25-25-1;dg9.tpf;SAA;64;8;4;25;25;1;66;181;7;12;1;13;1;77,27272727;124;62;3217;129,4
689;64-8-4-25-25-1;dg9.tpf;HS;64;8;4;25;25;1;66;181;7;12;1;13;1;77,27272727;124;62;3009;129,4
690;64-8-4-25-25-1;dg9.tpf;RS;64;8;4;25;25;1;66;181;7;12;1;13;1;77,27272727;124;62;30940;129,4
691;64-8-4-25-50-1;dg1.tpf;SAA;64;8;4;25;50;1;66;189;8;13;1;14;1;50;104;52;1870;144,05
692;64-8-4-25-50-1;dg1.tpf;HS;64;8;4;25;50;1;66;189;8;13;1;14;1;50;104;52;1233;144,05
693;64-8-4-25-50-1;dg1.tpf;RS;64;8;4;25;50;1;66;189;8;13;1;14;1;50;104;52;10517;144,05
694;64-8-4-25-50-1;dg10.tpf;SAA;64;8;4;25;50;1;66;197;7;16;1;19;1;50;120;60;1634;213,83
695;64-8-4-25-50-1;dg10.tpf;HS;64;8;4;25;50;1;66;197;7;16;1;19;1;50;120;60;1051;213,83
696;64-8-4-25-50-1;dg10.tpf;RS;64;8;4;25;50;1;66;197;7;16;1;19;1;50;120;60;12654;213,83
697;64-8-4-25-50-1;dg2.tpf;SAA;64;8;4;25;50;1;66;184;8;19;1;15;1;48,48484848;138;69;1604;218,15
698;64-8-4-25-50-1;dg2.tpf;HS;64;8;4;25;50;1;66;184;8;19;1;15;1;48,48484848;138;69;1172;218,15
699;64-8-4-25-50-1;dg2.tpf;RS;64;8;4;25;50;1;66;184;8;19;1;15;1;48,48484848;138;69;5369;218,15
700;64-8-4-25-50-1;dg3.tpf;SAA;64;8;4;25;50;1;66;190;7;16;1;14;1;56,06060606;114;57;2614;25,01
701;64-8-4-25-50-1;dg3.tpf;HS;64;8;4;25;50;1;66;190;7;16;1;14;1;56,06060606;114;57;1754;25,01
702;64-8-4-25-50-1;dg3.tpf;RS;64;8;4;25;50;1;66;190;7;16;1;14;1;56,06060606;114;57;14541;25,01
703;64-8-4-25-50-1;dg4.tpf;SAA;64;8;4;25;50;1;66;191;7;13;1;17;1;46,96969697;106;53;2285;274,27
704;64-8-4-25-50-1;dg4.tpf;HS;64;8;4;25;50;1;66;191;7;13;1;17;1;46,96969697;106;53;1453;274,27
705;64-8-4-25-50-1;dg4.tpf;RS;64;8;4;25;50;1;66;191;7;13;1;17;1;46,96969697;106;53;13233;274,27
706;64-8-4-25-50-1;dg5.tpf;SAA;64;8;4;25;50;1;66;192;7;17;1;12;1;39,39393939;112;56;1164;208,9
707;64-8-4-25-50-1;dg5.tpf;HS;64;8;4;25;50;1;66;192;7;17;1;12;1;39,39393939;112;56;677;208,9
708;64-8-4-25-50-1;dg5.tpf;RS;64;8;4;25;50;1;66;192;7;17;1;12;1;39,39393939;112;56;8017;208,9
709;64-8-4-25-50-1;dg6.tpf;SAA;64;8;4;25;50;1;66;196;7;13;1;19;1;45,45454545;112;56;1587;152
710;64-8-4-25-50-1;dg6.tpf;HS;64;8;4;25;50;1;66;196;7;13;1;19;1;45,45454545;112;56;1144;152
711;64-8-4-25-50-1;dg6.tpf;RS;64;8;4;25;50;1;66;196;7;13;1;19;1;45,45454545;112;56;5866;152
712;64-8-4-25-50-1;dg7.tpf;SAA;64;8;4;25;50;1;66;183;7;15;1;15;1;45,45454545;126;63;906;166,31
713;64-8-4-25-50-1;dg7.tpf;HS;64;8;4;25;50;1;66;183;7;15;1;15;1;45,45454545;126;63;578;166,31
714;64-8-4-25-50-1;dg7.tpf;RS;64;8;4;25;50;1;66;183;7;15;1;15;1;45,45454545;126;63;6045;166,31
715;64-8-4-25-50-1;dg8.tpf;SAA;64;8;4;25;50;1;66;187;8;15;1;15;1;46,96969697;120;60;965;241,39
716;64-8-4-25-50-1;dg8.tpf;HS;64;8;4;25;50;1;66;187;8;15;1;15;1;46,96969697;120;60;608;241,39
717;64-8-4-25-50-1;dg8.tpf;RS;64;8;4;25;50;1;66;187;8;15;1;15;1;46,96969697;120;60;11914;241,39
718;64-8-4-25-50-1;dg9.tpf;SAA;64;8;4;25;50;1;66;182;8;12;1;12;1;48,48484848;110;55;2540;278,68
719;64-8-4-25-50-1;dg9.tpf;HS;64;8;4;25;50;1;66;182;8;12;1;12;1;48,48484848;110;55;1320;278,68
720;64-8-4-25-50-1;dg9.tpf;RS;64;8;4;25;50;1;66;182;8;12;1;12;1;48,48484848;110;55;4492;278,68
